ave_functions_utilised_from_dlls_imported,bogus_functions,num_blacklisted_functions,num_whitelisted_functions,persistent_reg_key,num_native_functions,label
1.11531190926276,37.0,2.0,1.0,-1.0,0.0,1
24.5,0.0,1.0,0.0,0.0,0.0,1
1.0,1.0,0.0,0.0,0.0,0.0,1
1.0,1.0,0.0,0.0,0.0,0.0,1
19.75,4.0,1.0,0.0,0.0,0.0,1
7.222222222222222,3.0,0.0,0.0,0.0,1.0,1
6.999999999999999,2.0,0.0,0.0,0.0,1.0,1
7.000000000000001,3.0,0.0,0.0,0.0,1.0,1
7.222222222222222,3.0,0.0,0.0,0.0,1.0,1
2.0,0.0,0.0,0.0,0.0,0.0,1
0.7986111111111112,1.0,1.0,0.0,0.0,0.0,1
3.555555555555556,0.0,1.0,0.0,0.0,0.0,1
1.6326530612244898,3.0,3.0,0.0,0.0,0.0,1
1.6326530612244898,3.0,3.0,0.0,0.0,0.0,1
1.6326530612244898,3.0,3.0,0.0,0.0,0.0,1
1.6326530612244898,3.0,3.0,0.0,0.0,0.0,1
1.859375,3.0,7.0,0.0,1.0,0.0,1
1.859375,3.0,7.0,0.0,1.0,0.0,1
0.1632653061224489,0.0,1.0,0.0,0.0,0.0,1
5.5200000000000005,0.0,1.0,0.0,0.0,0.0,1
3.76,20.0,0.0,0.0,0.0,0.0,1
1.0,1.0,0.0,0.0,0.0,0.0,1
1.0,1.0,0.0,0.0,0.0,0.0,1
1.0,1.0,0.0,0.0,0.0,0.0,1
1.0,1.0,0.0,0.0,0.0,0.0,1
1.0,1.0,0.0,0.0,0.0,0.0,1
1.0,1.0,0.0,0.0,0.0,0.0,1
1.0,1.0,0.0,0.0,0.0,0.0,1
3.2,3.0,2.0,1.0,0.0,0.0,1
2.59375,1.0,0.0,0.0,0.0,0.0,1
2.59375,1.0,0.0,0.0,0.0,0.0,1
9.0,0.0,0.0,0.0,0.0,0.0,1
9.0,0.0,0.0,0.0,0.0,0.0,1
9.0,0.0,0.0,0.0,0.0,0.0,1
23.0,0.0,1.0,0.0,0.0,0.0,1
0.2040816326530611,0.0,0.0,0.0,0.0,0.0,1
2.09375,4.0,7.0,0.0,0.0,0.0,1
2.9444444444444446,6.0,1.0,0.0,1.0,1.0,1
2.625,2.0,2.0,1.0,0.0,1.0,1
2.625,2.0,2.0,1.0,0.0,1.0,1
1.0,1.0,0.0,0.0,0.0,0.0,1
1.0,1.0,0.0,0.0,0.0,0.0,1
1.0,1.0,0.0,0.0,0.0,0.0,1
2.6260387811634343,5.0,3.0,1.0,-1.0,0.0,1
1.0,1.0,0.0,0.0,0.0,0.0,1
3.0,0.0,0.0,0.0,0.0,0.0,1
0.0,0.0,0.0,0.0,0.0,0.0,1
1.0,1.0,0.0,0.0,0.0,0.0,1
4.48,1.0,1.0,0.0,0.0,0.0,1
94.0,0.0,1.0,0.0,0.0,0.0,1
23.75,0.0,1.0,0.0,0.0,0.0,1
94.0,0.0,1.0,0.0,0.0,0.0,1
1.0,1.0,0.0,0.0,0.0,0.0,1
3.6666666666666665,0.0,1.0,0.0,0.0,0.0,1
2.00390625,23.0,7.0,3.0,-1.0,1.0,1
0.0,0.0,0.0,0.0,0.0,0.0,1
0.6760355029585802,27.0,2.0,0.0,0.0,3.0,1
0.7777777777777777,27.0,1.0,0.0,0.0,3.0,1
0.8449905482041586,27.0,1.0,0.0,0.0,3.0,1
5.083333333333334,6.0,0.0,0.0,0.0,0.0,1
2.4285714285714284,3.0,4.0,0.0,0.0,0.0,1
2.046875,0.0,1.0,0.0,0.0,0.0,1
0.1157024793388429,0.0,0.0,0.0,0.0,0.0,1
0.6666666666666666,0.0,0.0,0.0,0.0,0.0,1
4.639999999999999,10.0,0.0,0.0,0.0,5.0,1
4.999999999999999,10.0,0.0,0.0,0.0,5.0,1
2.693877551020408,14.0,3.0,1.0,0.0,6.0,1
3.083333333333333,2.0,1.0,0.0,0.0,0.0,1
1.0,1.0,0.0,0.0,0.0,0.0,1
5.88,1.0,1.0,0.0,1.0,0.0,1
1.8343195266272188,6.0,8.0,0.0,0.0,0.0,1
1.0,1.0,0.0,0.0,0.0,0.0,1
3.194444444444445,6.0,1.0,1.0,0.0,0.0,1
3.617283950617284,1.0,1.0,0.0,-1.0,0.0,1
7.888888888888888,1.0,1.0,0.0,0.0,0.0,1
1.0612244897959182,9.0,2.0,1.0,0.0,13.0,1
3.0,0.0,0.0,0.0,0.0,0.0,1
0.75,0.0,0.0,0.0,0.0,2.0,1
3.0,0.0,0.0,0.0,0.0,0.0,1
5.48,1.0,0.0,0.0,0.0,0.0,1
23.75,0.0,1.0,0.0,0.0,0.0,1
6.0,0.0,1.0,0.0,0.0,1.0,1
0.0,0.0,0.0,0.0,0.0,0.0,1
6.3125,0.0,1.0,0.0,0.0,1.0,1
3.26530612244898,3.0,0.0,1.0,-1.0,0.0,1
0.2040816326530611,0.0,0.0,0.0,0.0,0.0,1
5.680000000000001,0.0,2.0,0.0,0.0,0.0,1
5.680000000000001,0.0,2.0,0.0,0.0,0.0,1
0.0,0.0,0.0,0.0,0.0,0.0,1
3.555555555555556,0.0,1.0,0.0,0.0,0.0,1
3.0,0.0,0.0,0.0,0.0,0.0,1
3.777777777777777,3.0,1.0,0.0,0.0,0.0,1
3.3469387755102047,3.0,0.0,1.0,-1.0,0.0,0
3.367346938775511,3.0,0.0,1.0,-1.0,0.0,0
3.3469387755102047,3.0,0.0,1.0,-1.0,0.0,0
2.1666666666666665,12.0,0.0,2.0,1.0,0.0,0
1.0,1.0,0.0,0.0,0.0,0.0,0
3.367346938775511,3.0,0.0,1.0,-1.0,0.0,0
3.367346938775511,3.0,0.0,1.0,-1.0,0.0,0
2.6875,3.0,0.0,1.0,-1.0,0.0,0
3.3673469387755097,3.0,0.0,1.0,-1.0,0.0,0
3.3673469387755097,3.0,0.0,1.0,-1.0,0.0,0
3.408163265306123,3.0,0.0,1.0,-1.0,0.0,0
3.3673469387755097,3.0,0.0,1.0,-1.0,0.0,0
3.387755102040817,3.0,0.0,1.0,-1.0,0.0,0
3.367346938775511,3.0,0.0,1.0,-1.0,0.0,0
3.3673469387755097,3.0,0.0,1.0,-1.0,0.0,0
3.408163265306123,3.0,0.0,1.0,-1.0,0.0,0
3.3673469387755097,3.0,0.0,1.0,-1.0,0.0,0
3.3469387755102047,3.0,0.0,1.0,-1.0,0.0,0
3.3673469387755097,3.0,0.0,1.0,-1.0,0.0,0
3.3673469387755097,3.0,0.0,1.0,-1.0,0.0,0
3.3673469387755097,3.0,0.0,1.0,-1.0,0.0,0
3.3673469387755097,3.0,0.0,1.0,-1.0,0.0,0
3.3673469387755097,3.0,0.0,1.0,-1.0,0.0,0
3.3469387755102047,3.0,0.0,1.0,-1.0,0.0,0
3.367346938775511,3.0,0.0,1.0,-1.0,0.0,0
3.367346938775511,3.0,0.0,1.0,-1.0,0.0,0
3.3673469387755097,3.0,0.0,1.0,-1.0,0.0,0
3.367346938775511,3.0,0.0,1.0,-1.0,0.0,0
3.3469387755102047,3.0,0.0,1.0,-1.0,0.0,0
3.3673469387755097,3.0,0.0,1.0,-1.0,0.0,0
3.3673469387755097,3.0,0.0,1.0,-1.0,0.0,0
3.3673469387755097,3.0,0.0,1.0,-1.0,0.0,0
3.3673469387755097,3.0,0.0,1.0,-1.0,0.0,0
3.408163265306123,3.0,0.0,1.0,-1.0,0.0,0
2.6875,3.0,0.0,1.0,-1.0,0.0,0
3.367346938775511,3.0,0.0,1.0,-1.0,0.0,0
3.3673469387755097,3.0,0.0,1.0,-1.0,0.0,0
3.3673469387755097,3.0,0.0,1.0,-1.0,0.0,0
2.6875,3.0,0.0,1.0,-1.0,0.0,0
3.3673469387755097,3.0,0.0,1.0,-1.0,0.0,0
3.3673469387755097,3.0,0.0,1.0,-1.0,0.0,0
3.367346938775511,3.0,0.0,1.0,-1.0,0.0,0
3.3673469387755097,3.0,0.0,1.0,-1.0,0.0,0
3.3673469387755097,3.0,0.0,1.0,-1.0,0.0,0
2.6875,3.0,0.0,1.0,-1.0,0.0,0
3.3673469387755097,3.0,0.0,1.0,-1.0,0.0,0
3.387755102040817,3.0,0.0,1.0,-1.0,0.0,0
2.6875,3.0,0.0,1.0,-1.0,0.0,0
2.6875,3.0,0.0,1.0,-1.0,0.0,0
2.625,3.0,0.0,1.0,-1.0,0.0,0
3.3673469387755097,3.0,0.0,1.0,-1.0,0.0,0
3.3673469387755097,3.0,0.0,1.0,-1.0,0.0,0
3.3673469387755097,3.0,0.0,1.0,-1.0,0.0,0
3.3673469387755097,3.0,0.0,1.0,-1.0,0.0,0
3.3673469387755097,3.0,0.0,1.0,-1.0,0.0,0
3.3673469387755097,3.0,0.0,1.0,-1.0,0.0,0
3.367346938775511,3.0,0.0,1.0,-1.0,0.0,0
2.6875,3.0,0.0,1.0,-1.0,0.0,0
3.367346938775511,3.0,0.0,1.0,-1.0,0.0,0
3.3673469387755097,3.0,0.0,1.0,-1.0,0.0,0
3.367346938775511,3.0,0.0,1.0,-1.0,0.0,0
2.6875,3.0,0.0,1.0,-1.0,0.0,0
3.3673469387755097,3.0,0.0,1.0,-1.0,0.0,0
3.3673469387755097,3.0,0.0,1.0,-1.0,0.0,0
3.3673469387755097,3.0,0.0,1.0,-1.0,0.0,0
3.3673469387755097,3.0,0.0,1.0,-1.0,0.0,0
2.6875,3.0,0.0,1.0,-1.0,0.0,0
3.3673469387755097,3.0,0.0,1.0,-1.0,0.0,0
3.3673469387755097,3.0,0.0,1.0,-1.0,0.0,0
3.408163265306123,3.0,0.0,1.0,-1.0,0.0,0
2.083333333333333,20.0,1.0,0.0,0.0,1.0,1
2.083333333333333,20.0,1.0,0.0,0.0,1.0,1
0.5144628099173553,5.0,0.0,1.0,1.0,0.0,1
0.859375,46.0,2.0,1.0,0.0,1.0,1
0.2448979591836734,0.0,0.0,0.0,0.0,0.0,1
0.8194444444444443,9.0,1.0,0.0,0.0,1.0,1
0.8133333333333332,0.0,0.0,1.0,0.0,0.0,1
0.8133333333333332,0.0,0.0,1.0,0.0,0.0,1
0.8133333333333332,0.0,0.0,1.0,0.0,0.0,1
0.2448979591836734,0.0,0.0,0.0,0.0,0.0,1
0.8133333333333332,0.0,0.0,1.0,0.0,0.0,1
0.0,0.0,0.0,0.0,0.0,0.0,1
125.0,2.0,1.0,0.0,0.0,0.0,1
0.8133333333333332,0.0,0.0,1.0,0.0,0.0,1
1.6326530612244898,3.0,3.0,0.0,0.0,0.0,1
1.6326530612244898,3.0,3.0,0.0,0.0,0.0,1
1.6326530612244898,3.0,3.0,0.0,0.0,0.0,1
1.6326530612244898,3.0,3.0,0.0,0.0,0.0,1
2.0800000000000005,0.0,0.0,0.0,0.0,0.0,1
3.16,3.0,3.0,0.0,0.0,0.0,1
2.96,3.0,3.0,0.0,0.0,0.0,1
1.6326530612244898,3.0,3.0,0.0,0.0,0.0,1
3.16,3.0,3.0,0.0,0.0,0.0,1
1.6326530612244898,3.0,3.0,0.0,0.0,0.0,1
1.6326530612244898,3.0,3.0,0.0,0.0,0.0,1
2.0800000000000005,0.0,0.0,0.0,0.0,0.0,1
7.000000000000001,3.0,0.0,0.0,0.0,1.0,1
6.999999999999999,2.0,0.0,0.0,0.0,1.0,1
6.999999999999999,2.0,0.0,0.0,0.0,1.0,1
6.888888888888889,3.0,0.0,0.0,0.0,1.0,1
1.0,1.0,0.0,0.0,0.0,0.0,1
2.024691358024691,3.0,7.0,0.0,0.0,0.0,1
2.3541666666666665,1.0,1.0,0.0,0.0,0.0,1
7.333333333333332,0.0,1.0,0.0,0.0,0.0,1
7.555555555555556,0.0,1.0,0.0,0.0,0.0,1
5.25,3.0,1.0,0.0,0.0,0.0,1
12.25,27.0,0.0,0.0,0.0,0.0,1
7.888888888888888,1.0,1.0,0.0,0.0,0.0,1
2.2777777777777777,42.0,0.0,0.0,0.0,0.0,1
5.25,3.0,1.0,0.0,0.0,0.0,1
0.6760355029585802,27.0,2.0,0.0,0.0,3.0,1
0.7777777777777777,27.0,1.0,0.0,0.0,3.0,1
0.6760355029585802,27.0,2.0,0.0,0.0,3.0,1
0.7777777777777777,27.0,1.0,0.0,0.0,3.0,1
3.0,0.0,0.0,0.0,0.0,0.0,1
4.0,0.0,0.0,0.0,0.0,0.0,1
0.6272189349112425,5.0,1.0,0.0,0.0,2.0,1
3.0,0.0,0.0,0.0,0.0,0.0,1
0.5555555555555555,0.0,0.0,0.0,0.0,0.0,1
4.0,0.0,0.0,0.0,0.0,0.0,1
4.0,0.0,0.0,0.0,0.0,0.0,1
3.0,0.0,0.0,0.0,0.0,0.0,1
0.75,0.0,0.0,0.0,0.0,2.0,1
4.0,0.0,0.0,0.0,0.0,0.0,1
9.0,0.0,0.0,0.0,0.0,0.0,1
9.0,0.0,0.0,0.0,0.0,0.0,1
9.0,0.0,0.0,0.0,0.0,0.0,1
9.0,0.0,0.0,0.0,0.0,0.0,1
9.0,0.0,0.0,0.0,0.0,0.0,1
9.0,0.0,0.0,0.0,0.0,0.0,1
9.0,0.0,0.0,0.0,0.0,0.0,1
9.0,0.0,0.0,0.0,0.0,0.0,1
9.0,0.0,0.0,0.0,0.0,0.0,1
5.680000000000001,0.0,2.0,0.0,0.0,0.0,1
0.0,0.0,0.0,0.0,0.0,0.0,1
5.680000000000001,0.0,2.0,0.0,0.0,0.0,1
5.680000000000001,0.0,2.0,0.0,0.0,0.0,1
23.75,0.0,1.0,0.0,0.0,0.0,1
23.75,0.0,1.0,0.0,0.0,0.0,1
23.75,0.0,1.0,0.0,0.0,0.0,1
23.75,0.0,1.0,0.0,0.0,0.0,1
23.75,0.0,1.0,0.0,0.0,0.0,1
85.0,0.0,1.0,0.0,0.0,0.0,1
23.75,0.0,1.0,0.0,0.0,0.0,1
23.75,0.0,1.0,0.0,0.0,0.0,1
94.0,0.0,1.0,0.0,0.0,0.0,1
1.0,1.0,0.0,0.0,0.0,0.0,1
1.0,1.0,0.0,0.0,0.0,0.0,1
4.639999999999999,10.0,0.0,0.0,0.0,5.0,1
4.639999999999999,10.0,0.0,0.0,0.0,5.0,1
0.7986111111111112,1.0,1.0,0.0,0.0,0.0,1
31.0,0.0,1.0,0.0,0.0,0.0,1
1.859375,3.0,7.0,0.0,1.0,0.0,1
1.859375,3.0,7.0,0.0,1.0,0.0,1
1.859375,3.0,7.0,0.0,1.0,0.0,1
1.859375,3.0,7.0,0.0,1.0,0.0,1
1.859375,3.0,7.0,0.0,1.0,0.0,1
1.875,3.0,7.0,0.0,1.0,0.0,1
1.875,3.0,7.0,0.0,1.0,0.0,1
1.859375,3.0,7.0,0.0,1.0,0.0,1
1.859375,3.0,7.0,0.0,1.0,0.0,1
1.0,1.0,0.0,0.0,0.0,0.0,1
1.0,1.0,0.0,0.0,0.0,0.0,1
1.0,1.0,0.0,0.0,0.0,0.0,1
1.0,1.0,0.0,0.0,0.0,0.0,1
1.0,1.0,0.0,0.0,0.0,0.0,1
1.0,1.0,0.0,0.0,0.0,0.0,1
1.0,1.0,0.0,0.0,0.0,0.0,1
2.046875,0.0,1.0,0.0,0.0,0.0,1
1.0,1.0,0.0,0.0,0.0,0.0,1
1.0,1.0,0.0,0.0,0.0,0.0,1
1.0,1.0,0.0,0.0,0.0,0.0,1
79.0,0.0,0.0,0.0,0.0,0.0,1
79.0,0.0,0.0,0.0,0.0,0.0,1
20.5,0.0,1.0,0.0,0.0,0.0,1
3.28,3.0,4.0,1.0,0.0,0.0,1
3.224489795918368,3.0,0.0,1.0,-1.0,0.0,1
79.0,0.0,0.0,0.0,0.0,0.0,1
3.26530612244898,3.0,0.0,1.0,-1.0,0.0,1
2.59375,1.0,0.0,0.0,0.0,0.0,1
2.59375,1.0,0.0,0.0,0.0,0.0,1
71.0,0.0,1.0,0.0,0.0,0.0,1
71.0,0.0,1.0,0.0,0.0,0.0,1
0.8418367346938773,8.0,9.0,1.0,0.0,0.0,1
71.0,0.0,1.0,0.0,0.0,0.0,1
0.8418367346938773,8.0,9.0,1.0,0.0,0.0,1
0.9467455621301772,8.0,8.0,2.0,0.0,0.0,1
18.0,0.0,1.0,0.0,0.0,0.0,1
0.877551020408163,8.0,9.0,2.0,0.0,0.0,1
6.375,0.0,1.0,0.0,0.0,0.0,1
6.375,0.0,1.0,0.0,0.0,0.0,1
6.375,0.0,1.0,0.0,0.0,0.0,1
6.375,0.0,1.0,0.0,0.0,0.0,1
6.375,0.0,1.0,0.0,0.0,0.0,1
6.375,0.0,1.0,0.0,0.0,0.0,1
6.375,0.0,1.0,0.0,0.0,0.0,1
6.375,0.0,1.0,0.0,0.0,0.0,1
6.375,0.0,1.0,0.0,0.0,0.0,1
6.375,0.0,1.0,0.0,0.0,0.0,1
1.7755102040816322,3.0,2.0,1.0,0.0,1.0,1
3.12,3.0,2.0,1.0,0.0,0.0,1
2.0,3.0,1.0,0.0,0.0,1.0,1
1.7755102040816324,3.0,2.0,1.0,0.0,1.0,1
2.027777777777777,3.0,1.0,0.0,0.0,1.0,1
1.7755102040816324,3.0,2.0,1.0,0.0,1.0,1
30.0,1.0,1.0,0.0,0.0,0.0,1
2.0,3.0,1.0,0.0,0.0,1.0,1
23.75,0.0,1.0,0.0,0.0,0.0,1
2.1604938271604937,3.0,5.0,1.0,0.0,0.0,1
1.75,0.0,0.0,0.0,0.0,0.0,1
15.444444444444445,0.0,1.0,0.0,0.0,0.0,1
1.0,1.0,0.0,0.0,0.0,0.0,1
17.77777777777778,5.0,3.0,0.0,0.0,1.0,1
4.959183673469388,1.0,5.0,0.0,0.0,0.0,1
33.25,2.0,1.0,0.0,0.0,0.0,1
1.3703703703703702,3.0,5.0,0.0,0.0,1.0,1
1.3703703703703702,3.0,5.0,0.0,0.0,1.0,1
0.0,0.0,0.0,0.0,0.0,0.0,1
1.3703703703703702,3.0,5.0,0.0,0.0,1.0,1
1.0,1.0,0.0,0.0,0.0,0.0,1
2.6913580246913584,24.0,0.0,1.0,0.0,0.0,1
0.2448979591836734,2.0,0.0,0.0,0.0,0.0,1
1.0,0.0,0.0,0.0,0.0,0.0,1
0.0,0.0,0.0,0.0,0.0,0.0,1
1.2399999999999998,4.0,5.0,0.0,0.0,0.0,1
1.27,4.0,6.0,0.0,0.0,0.0,1
1.27,4.0,6.0,0.0,0.0,0.0,1
1.27,4.0,6.0,0.0,0.0,0.0,1
1.27,4.0,6.0,0.0,0.0,0.0,1
1.27,4.0,6.0,0.0,0.0,0.0,1
1.2499999999999998,4.0,5.0,0.0,0.0,0.0,1
0.0,0.0,0.0,0.0,0.0,0.0,1
3.6666666666666665,0.0,1.0,0.0,0.0,0.0,1
0.0,0.0,0.0,0.0,0.0,0.0,1
10.11111111111111,2.0,1.0,0.0,0.0,0.0,1
0.3333333333333333,0.0,0.0,0.0,0.0,0.0,1
3.3950617283950613,0.0,3.0,0.0,0.0,0.0,1
8.555555555555555,1.0,1.0,0.0,0.0,0.0,1
7.999999999999999,1.0,1.0,0.0,0.0,0.0,1
17.0,1.0,1.0,0.0,0.0,0.0,1
0.0,0.0,0.0,0.0,0.0,0.0,1
7.777777777777778,1.0,1.0,0.0,0.0,0.0,1
1.0,1.0,0.0,0.0,0.0,0.0,1
4.777777777777778,3.0,3.0,0.0,0.0,0.0,1
1.3125,3.0,0.0,0.0,0.0,1.0,1
1.796875,6.0,1.0,1.0,1.0,2.0,1
3.555555555555556,0.0,1.0,0.0,0.0,0.0,1
3.555555555555556,0.0,1.0,0.0,0.0,0.0,1
40.0,0.0,1.0,0.0,0.0,0.0,1
4.0,0.0,0.0,0.0,0.0,0.0,1
40.0,0.0,1.0,0.0,0.0,0.0,1
32.0,0.0,1.0,0.0,0.0,0.0,1
4.0,0.0,0.0,0.0,0.0,0.0,1
4.0,0.0,0.0,0.0,0.0,0.0,1
4.0,0.0,0.0,0.0,0.0,0.0,1
4.0,0.0,0.0,0.0,0.0,0.0,1
32.0,0.0,1.0,0.0,0.0,0.0,1
0.3877551020408162,0.0,0.0,0.0,0.0,0.0,1
2.0,0.0,0.0,0.0,0.0,0.0,1
1.25,0.0,0.0,0.0,0.0,0.0,1
2.5,0.0,0.0,0.0,0.0,0.0,1
1.7777777777777777,0.0,0.0,0.0,0.0,0.0,1
11.222222222222223,0.0,1.0,0.0,0.0,0.0,1
1.0,1.0,0.0,0.0,0.0,0.0,1
14.888888888888888,0.0,1.0,0.0,0.0,0.0,1
1.25,0.0,0.0,0.0,0.0,0.0,1
25.0,0.0,0.0,1.0,0.0,0.0,1
34.75,0.0,1.0,0.0,0.0,0.0,1
14.444444444444445,0.0,1.0,0.0,0.0,0.0,1
24.5,0.0,0.0,0.0,0.0,0.0,1
13.111111111111112,1.0,1.0,0.0,0.0,0.0,1
29.25,2.0,0.0,0.0,0.0,0.0,1
13.555555555555555,0.0,1.0,0.0,0.0,0.0,1
0.8699999999999998,1.0,1.0,0.0,0.0,0.0,1
24.0,0.0,0.0,0.0,0.0,0.0,1
19.5,0.0,0.0,0.0,-1.0,0.0,1
14.444444444444445,0.0,1.0,0.0,0.0,0.0,1
33.5,0.0,1.0,0.0,0.0,0.0,1
3.224489795918368,3.0,0.0,1.0,-1.0,0.0,1
4.375,13.0,0.0,0.0,0.0,0.0,1
1.81,0.0,1.0,1.0,1.0,0.0,1
0.0,0.0,0.0,0.0,0.0,0.0,1
1.510204081632653,13.0,0.0,0.0,0.0,0.0,1
1.0,1.0,0.0,0.0,0.0,0.0,1
1.0,1.0,0.0,0.0,0.0,0.0,1
1.0,1.0,0.0,0.0,0.0,0.0,1
1.0,1.0,0.0,0.0,0.0,0.0,1
1.0,1.0,0.0,0.0,0.0,0.0,1
0.0,0.0,0.0,0.0,0.0,0.0,1
1.0,1.0,0.0,0.0,0.0,0.0,1
0.0,0.0,0.0,0.0,0.0,0.0,1
0.0,0.0,0.0,0.0,0.0,0.0,1
0.0,0.0,0.0,0.0,0.0,0.0,1
1.0,0.0,0.0,0.0,0.0,0.0,1
40.0,0.0,1.0,0.0,0.0,0.0,1
40.0,0.0,1.0,0.0,0.0,0.0,1
3.84,3.0,4.0,0.0,0.0,0.0,1
0.2592592592592593,0.0,0.0,0.0,0.0,0.0,1
1.2781065088757395,1.0,0.0,0.0,1.0,0.0,1
1.2781065088757395,1.0,0.0,0.0,1.0,0.0,1
1.2781065088757395,1.0,0.0,0.0,1.0,0.0,1
1.0,0.0,0.0,0.0,0.0,0.0,1
16.666666666666668,29.0,3.0,0.0,-1.0,0.0,1
16.666666666666668,29.0,3.0,0.0,-1.0,0.0,1
2.305555555555556,20.0,1.0,0.0,0.0,1.0,1
7.125,25.0,0.0,1.0,1.0,0.0,1
1.8571428571428572,26.0,1.0,0.0,0.0,1.0,1
2.305555555555556,20.0,1.0,0.0,0.0,1.0,1
2.305555555555556,20.0,1.0,0.0,0.0,1.0,1
2.083333333333333,20.0,1.0,0.0,0.0,1.0,1
2.083333333333333,20.0,1.0,0.0,0.0,1.0,1
3.918367346938776,0.0,1.0,2.0,0.0,0.0,0
143.0,0.0,1.0,2.0,0.0,0.0,0
3.3673469387755097,3.0,0.0,1.0,-1.0,0.0,0
3.224489795918368,3.0,0.0,1.0,-1.0,0.0,0
1.0,1.0,0.0,0.0,0.0,0.0,1
0.6172839506172837,1.0,0.0,2.0,0.0,1.0,1
3.44,3.0,1.0,0.0,0.0,0.0,1
1.0,1.0,0.0,0.0,0.0,0.0,1
1.0,1.0,0.0,0.0,0.0,0.0,1
0.0999999999999999,1.0,0.0,0.0,0.0,0.0,1
66.0,0.0,1.0,0.0,0.0,0.0,1
64.0,0.0,0.0,0.0,0.0,0.0,1
6.0625,0.0,1.0,0.0,0.0,0.0,1
11.0,0.0,1.0,0.0,0.0,0.0,1
24.0,1.0,1.0,0.0,0.0,0.0,1
1.0,1.0,0.0,0.0,0.0,0.0,1
0.5,1.0,0.0,0.0,0.0,0.0,1
11.0,0.0,1.0,0.0,0.0,1.0,1
26.000000000000004,0.0,0.0,1.0,0.0,0.0,1
0.5,1.0,0.0,0.0,0.0,0.0,1
1.0,1.0,0.0,0.0,0.0,0.0,1
2.805555555555556,3.0,5.0,1.0,0.0,0.0,1
2.4166666666666665,0.0,2.0,1.0,0.0,0.0,1
2.4166666666666665,0.0,2.0,1.0,0.0,0.0,1
1.755102040816326,3.0,5.0,0.0,0.0,0.0,1
2.805555555555556,3.0,5.0,1.0,0.0,0.0,1
0.1900826446280991,0.0,0.0,0.0,0.0,0.0,1
0.1728395061728395,1.0,0.0,0.0,0.0,0.0,1
3.367346938775511,3.0,0.0,1.0,-1.0,0.0,0
5.040000000000001,0.0,1.0,0.0,0.0,0.0,1
0.0,0.0,0.0,0.0,0.0,0.0,0
1.0,1.0,0.0,0.0,0.0,0.0,1
6.3125,0.0,1.0,0.0,0.0,1.0,1
3.5833333333333326,7.0,0.0,1.0,-1.0,8.0,1
3.555555555555556,7.0,0.0,1.0,-1.0,8.0,1
3.055555555555556,3.0,5.0,1.0,0.0,0.0,1
20.5,0.0,0.0,0.0,0.0,0.0,1
2.4166666666666665,0.0,2.0,1.0,0.0,0.0,1
18.0,0.0,1.0,0.0,0.0,0.0,1
1.0,1.0,0.0,0.0,0.0,0.0,1
16.333333333333336,3.0,2.0,0.0,1.0,0.0,1
0.0,0.0,0.0,0.0,0.0,0.0,1
0.0,0.0,0.0,0.0,0.0,0.0,1
1.0,1.0,0.0,0.0,0.0,0.0,1
1.0,1.0,0.0,0.0,0.0,0.0,1
1.0,1.0,0.0,0.0,0.0,0.0,1
1.0,1.0,0.0,0.0,0.0,0.0,1
1.0,1.0,0.0,0.0,0.0,0.0,1
4.027777777777779,5.0,4.0,0.0,0.0,0.0,1
0.0,0.0,0.0,0.0,0.0,0.0,1
0.0,0.0,0.0,0.0,0.0,0.0,1
0.0,0.0,0.0,0.0,0.0,0.0,1
4.027777777777779,5.0,4.0,0.0,0.0,0.0,1
1.0,1.0,0.0,0.0,0.0,0.0,1
1.0,1.0,0.0,0.0,0.0,0.0,1
1.0,1.0,0.0,0.0,0.0,0.0,1
1.0,1.0,0.0,0.0,0.0,0.0,1
1.0,1.0,0.0,0.0,0.0,0.0,1
3.3265306122448983,21.0,0.0,0.0,-1.0,0.0,1
0.0965013456362936,82.0,0.0,0.0,0.0,0.0,1
0.0965013456362936,82.0,0.0,0.0,0.0,0.0,1
3.5,21.0,0.0,0.0,1.0,0.0,1
0.0965013456362936,82.0,0.0,0.0,0.0,0.0,1
0.1450617283950616,78.0,0.0,0.0,0.0,0.0,1
0.0836363636363636,77.0,0.0,0.0,0.0,0.0,1
0.0965013456362936,82.0,0.0,0.0,0.0,0.0,1
3.4444444444444446,21.0,0.0,0.0,0.0,0.0,1
3.5,21.0,0.0,0.0,1.0,0.0,1
3.5,21.0,0.0,0.0,1.0,0.0,1
3.5,21.0,0.0,0.0,1.0,0.0,1
2.96,3.0,3.0,0.0,0.0,0.0,1
2.1666666666666665,3.0,3.0,0.0,0.0,0.0,1
1.6326530612244898,3.0,3.0,0.0,0.0,0.0,1
1.6326530612244898,3.0,3.0,0.0,0.0,0.0,1
2.96,3.0,3.0,0.0,0.0,0.0,1
1.6326530612244898,3.0,3.0,0.0,0.0,0.0,1
1.7346938775510203,3.0,4.0,0.0,0.0,0.0,1
1.6122448979591837,3.0,3.0,0.0,0.0,0.0,1
1.6326530612244898,3.0,3.0,0.0,0.0,0.0,1
1.6326530612244898,3.0,3.0,0.0,0.0,0.0,1
2.96,3.0,3.0,0.0,0.0,0.0,1
1.530612244897959,3.0,3.0,0.0,0.0,0.0,1
2.71875,0.0,5.0,1.0,0.0,0.0,1
0.0,0.0,0.0,0.0,0.0,0.0,1
39.0,0.0,1.0,0.0,0.0,0.0,1
4.68,15.0,0.0,0.0,0.0,0.0,1
1.0,1.0,0.0,0.0,0.0,0.0,1
0.0,0.0,0.0,0.0,0.0,0.0,1
7.25,0.0,1.0,0.0,1.0,0.0,1
7.3125,0.0,1.0,0.0,1.0,0.0,1
6.9375,0.0,1.0,0.0,1.0,0.0,1
0.0,0.0,0.0,0.0,0.0,0.0,1
0.0,0.0,0.0,0.0,0.0,0.0,1
7.3125,0.0,1.0,0.0,1.0,0.0,1
0.0,0.0,0.0,0.0,0.0,0.0,1
0.0,0.0,0.0,0.0,0.0,0.0,1
1.0714285714285714,25.0,4.0,1.0,0.0,2.0,1
1.0714285714285714,25.0,4.0,1.0,0.0,2.0,1
0.0,0.0,0.0,0.0,0.0,0.0,1
0.0,0.0,0.0,0.0,0.0,0.0,1
1.4081632653061225,27.0,4.0,1.0,0.0,2.0,1
1.1785714285714286,26.0,4.0,1.0,0.0,2.0,1
0.0,0.0,0.0,0.0,0.0,0.0,1
1.0918367346938775,25.0,4.0,1.0,0.0,2.0,1
1.0918367346938775,25.0,4.0,1.0,0.0,2.0,1
1.25,0.0,0.0,0.0,0.0,0.0,1
1.25,0.0,0.0,0.0,0.0,0.0,1
0.5,1.0,0.0,0.0,0.0,0.0,1
1.25,0.0,0.0,0.0,0.0,0.0,1
1.25,0.0,0.0,0.0,0.0,0.0,1
1.25,0.0,0.0,0.0,0.0,0.0,1
0.5,1.0,0.0,0.0,0.0,0.0,1
1.25,0.0,0.0,0.0,0.0,0.0,1
6.0625,0.0,1.0,0.0,0.0,1.0,1
12.333333333333334,0.0,2.0,0.0,0.0,0.0,1
2.4444444444444446,0.0,0.0,0.0,0.0,0.0,1
2.6666666666666665,0.0,0.0,0.0,0.0,0.0,1
2.777777777777778,0.0,0.0,0.0,0.0,0.0,1
3.000000000000001,17.0,3.0,1.0,1.0,1.0,1
1.28125,4.0,0.0,0.0,-1.0,0.0,1
1.36,1.0,0.0,0.0,0.0,0.0,1
1.0,1.0,0.0,0.0,0.0,0.0,1
11.0,22.0,0.0,0.0,0.0,0.0,1
1.0,1.0,0.0,0.0,0.0,0.0,1
1.0,1.0,0.0,0.0,0.0,0.0,1
0.0,0.0,0.0,0.0,0.0,0.0,1
0.0,0.0,0.0,0.0,0.0,0.0,1
0.0,0.0,0.0,0.0,0.0,0.0,1
1.0,1.0,0.0,0.0,0.0,0.0,1
1.0,1.0,0.0,0.0,0.0,0.0,1
1.171875,13.0,7.0,2.0,0.0,8.0,1
1.0,1.0,0.0,0.0,0.0,0.0,1
1.0,1.0,0.0,0.0,0.0,0.0,1
1.0,1.0,0.0,0.0,0.0,0.0,1
4.888888888888889,0.0,0.0,0.0,0.0,0.0,1
1.0,1.0,0.0,0.0,0.0,0.0,1
1.0,1.0,0.0,0.0,0.0,0.0,1
4.0,0.0,0.0,0.0,0.0,0.0,1
1.8979591836734695,25.0,1.0,0.0,1.0,0.0,1
1.0,1.0,0.0,0.0,0.0,0.0,1
1.0,1.0,0.0,0.0,0.0,0.0,1
1.0,1.0,0.0,0.0,0.0,0.0,1
1.0,1.0,0.0,0.0,0.0,0.0,1
1.0,1.0,0.0,0.0,0.0,0.0,1
1.0,1.0,0.0,0.0,0.0,0.0,1
1.0,1.0,0.0,0.0,0.0,0.0,1
1.0,1.0,0.0,0.0,0.0,0.0,1
1.0,1.0,0.0,0.0,0.0,0.0,1
1.2222222222222223,0.0,0.0,0.0,0.0,0.0,1
7.888888888888888,1.0,1.0,0.0,0.0,0.0,1
4.816326530612245,0.0,2.0,0.0,0.0,0.0,1
5.25,3.0,1.0,0.0,0.0,0.0,1
8.222222222222221,0.0,1.0,0.0,0.0,0.0,1
7.555555555555556,0.0,1.0,0.0,0.0,0.0,1
5.1020408163265305,0.0,2.0,0.0,0.0,0.0,1
1.0,1.0,0.0,0.0,0.0,0.0,1
0.3966942148760331,2.0,1.0,0.0,-1.0,3.0,1
1.0,1.0,0.0,0.0,0.0,0.0,1
1.0,1.0,0.0,0.0,0.0,0.0,1
1.0,1.0,0.0,0.0,0.0,0.0,1
1.0,1.0,0.0,0.0,0.0,0.0,1
1.0,1.0,0.0,0.0,0.0,0.0,1
1.0,1.0,0.0,0.0,0.0,0.0,1
1.0,1.0,0.0,0.0,0.0,0.0,1
1.0,1.0,0.0,0.0,0.0,0.0,1
1.0,1.0,0.0,0.0,0.0,0.0,1
0.5190311418685125,28.0,2.0,1.0,0.0,3.0,1
1.0,1.0,0.0,0.0,0.0,0.0,1
17.75,0.0,0.0,0.0,0.0,0.0,1
0.203125,1.0,0.0,0.0,0.0,0.0,1
1.0,1.0,0.0,0.0,0.0,0.0,1
1.0,1.0,0.0,0.0,0.0,0.0,1
1.0,1.0,0.0,0.0,0.0,0.0,1
9.0,0.0,0.0,0.0,0.0,0.0,1
9.0,0.0,0.0,0.0,0.0,0.0,1
9.0,0.0,0.0,0.0,0.0,0.0,1
9.0,0.0,0.0,0.0,0.0,0.0,1
0.9183673469387752,4.0,3.0,0.0,2.0,0.0,1
0.652892561983471,0.0,0.0,0.0,0.0,0.0,1
3.8,4.0,1.0,0.0,0.0,1.0,1
3.8,4.0,1.0,0.0,0.0,1.0,1
3.8,4.0,1.0,0.0,0.0,1.0,1
0.4444444444444444,1.0,0.0,0.0,0.0,0.0,1
12.0,2.0,0.0,0.0,0.0,8.0,1
36.0,0.0,0.0,0.0,0.0,0.0,1
82.0,67.0,0.0,0.0,0.0,0.0,1
12.0,2.0,0.0,0.0,0.0,8.0,1
94.0,0.0,1.0,0.0,0.0,0.0,1
94.0,0.0,1.0,0.0,0.0,0.0,1
23.75,0.0,1.0,0.0,0.0,0.0,1
94.0,0.0,1.0,0.0,0.0,0.0,1
94.0,0.0,1.0,0.0,0.0,0.0,1
23.75,0.0,1.0,0.0,0.0,0.0,1
94.0,0.0,1.0,0.0,0.0,0.0,1
1.0,1.0,0.0,0.0,0.0,0.0,1
1.0,1.0,0.0,0.0,0.0,0.0,1
1.0,1.0,0.0,0.0,0.0,0.0,1
1.0,1.0,0.0,0.0,0.0,0.0,1
1.0,1.0,0.0,0.0,0.0,0.0,1
1.0,1.0,0.0,0.0,0.0,0.0,1
4.0,0.0,0.0,0.0,0.0,0.0,1
68.0,0.0,1.0,0.0,0.0,0.0,1
1.0,1.0,0.0,0.0,0.0,0.0,1
1.0,1.0,0.0,0.0,0.0,0.0,1
1.0,1.0,0.0,0.0,0.0,0.0,1
33.75,0.0,1.0,0.0,0.0,0.0,1
1.528925619834711,3.0,4.0,0.0,0.0,0.0,1
33.75,0.0,1.0,0.0,0.0,0.0,1
170.0,3.0,2.0,1.0,0.0,0.0,1
33.75,0.0,1.0,0.0,0.0,0.0,1
1.0,1.0,0.0,0.0,0.0,0.0,1
1.0,1.0,0.0,0.0,0.0,0.0,1
1.0,1.0,0.0,0.0,0.0,0.0,1
0.0,0.0,0.0,0.0,0.0,0.0,1
1.859375,3.0,7.0,0.0,1.0,0.0,1
1.859375,3.0,7.0,0.0,1.0,0.0,1
1.859375,3.0,7.0,0.0,1.0,0.0,1
1.875,3.0,7.0,0.0,1.0,0.0,1
1.859375,3.0,7.0,0.0,1.0,0.0,1
1.859375,3.0,7.0,0.0,1.0,0.0,1
1.859375,3.0,7.0,0.0,1.0,0.0,1
1.875,3.0,7.0,0.0,1.0,0.0,1
1.859375,3.0,7.0,0.0,1.0,0.0,1
1.859375,3.0,7.0,0.0,1.0,0.0,1
0.7851239669421488,0.0,5.0,1.0,1.0,0.0,1
0.3999999999999999,0.0,0.0,0.0,0.0,0.0,1
0.0,0.0,0.0,0.0,0.0,0.0,1
3.6800000000000006,6.0,1.0,0.0,1.0,0.0,1
0.0,0.0,0.0,0.0,0.0,0.0,1
1.9444444444444444,19.0,1.0,0.0,0.0,1.0,1
0.24,0.0,0.0,0.0,0.0,0.0,1
4.166666666666667,20.0,0.0,0.0,0.0,0.0,1
0.1481481481481482,0.0,1.0,0.0,0.0,0.0,1
2.56,4.0,0.0,0.0,1.0,1.0,1
1.0,1.0,0.0,0.0,0.0,0.0,1
2.693877551020408,18.0,1.0,0.0,1.0,0.0,1
1.0,1.0,0.0,0.0,0.0,0.0,1
1.0,1.0,0.0,0.0,0.0,0.0,1
0.25,0.0,0.0,0.0,0.0,0.0,1
0.171875,0.0,0.0,0.0,0.0,0.0,1
3.25,25.0,3.0,0.0,0.0,0.0,1
2.453125,36.0,4.0,0.0,0.0,5.0,1
6.08,3.0,4.0,1.0,0.0,0.0,1
1.0,0.0,0.0,0.0,0.0,0.0,1
1.0,1.0,0.0,0.0,0.0,0.0,1
1.0,1.0,0.0,0.0,0.0,0.0,1
1.0,1.0,0.0,0.0,0.0,0.0,1
1.0,1.0,0.0,0.0,0.0,0.0,1
1.0,1.0,0.0,0.0,0.0,0.0,1
1.0,1.0,0.0,0.0,0.0,0.0,1
1.0,1.0,0.0,0.0,0.0,0.0,1
1.0,1.0,0.0,0.0,0.0,0.0,1
1.0,1.0,0.0,0.0,0.0,0.0,1
1.0,1.0,0.0,0.0,0.0,0.0,1
4.8125,0.0,1.0,0.0,0.0,0.0,1
2.7959183673469385,20.0,4.0,1.0,0.0,0.0,1
0.0,0.0,0.0,0.0,0.0,0.0,1
2.7959183673469385,20.0,4.0,1.0,0.0,0.0,1
6.5625,18.0,2.0,1.0,0.0,0.0,1
0.0,0.0,0.0,0.0,0.0,0.0,1
5.0,0.0,0.0,0.0,0.0,0.0,1
2.7959183673469385,21.0,4.0,1.0,0.0,0.0,1
39.0,0.0,1.0,0.0,0.0,0.0,1
2.7959183673469385,20.0,4.0,1.0,0.0,0.0,1
0.0,0.0,0.0,0.0,0.0,0.0,1
1.0,1.0,0.0,0.0,0.0,0.0,1
1.0,1.0,0.0,0.0,0.0,0.0,1
1.0,1.0,0.0,0.0,0.0,0.0,1
1.0,1.0,0.0,0.0,0.0,0.0,1
1.0,1.0,0.0,0.0,0.0,0.0,1
1.0,1.0,0.0,0.0,0.0,0.0,1
1.0,1.0,0.0,0.0,0.0,0.0,1
1.0,1.0,0.0,0.0,0.0,0.0,1
1.0,1.0,0.0,0.0,0.0,0.0,1
1.0,1.0,0.0,0.0,0.0,0.0,1
1.0,1.0,0.0,0.0,0.0,0.0,1
1.0,1.0,0.0,0.0,0.0,0.0,1
7.5,3.0,4.0,0.0,0.0,0.0,1
1.0,1.0,0.0,0.0,0.0,0.0,1
1.0,1.0,0.0,0.0,0.0,0.0,1
1.0,1.0,0.0,0.0,0.0,0.0,1
37.5,0.0,1.0,2.0,0.0,0.0,1
1.0,1.0,0.0,0.0,0.0,0.0,1
0.0,0.0,0.0,0.0,0.0,0.0,1
3.3673469387755097,3.0,0.0,1.0,-1.0,0.0,1
0.1481481481481482,0.0,1.0,0.0,0.0,0.0,1
5.079999999999999,3.0,5.0,0.0,1.0,0.0,1
5.84,1.0,5.0,0.0,0.0,0.0,1
0.0,0.0,0.0,0.0,0.0,0.0,1
0.0,0.0,0.0,0.0,0.0,0.0,1
0.0,0.0,0.0,0.0,0.0,0.0,1
0.0,0.0,0.0,0.0,0.0,0.0,1
0.0,0.0,0.0,0.0,0.0,0.0,1
0.0,0.0,0.0,0.0,0.0,0.0,1
3.28,3.0,4.0,1.0,0.0,0.0,1
79.0,0.0,0.0,0.0,0.0,0.0,1
19.5,0.0,0.0,0.0,0.0,0.0,1
1.0,0.0,0.0,0.0,0.0,0.0,1
1.0,1.0,0.0,0.0,0.0,0.0,1
2.078125,3.0,4.0,0.0,0.0,0.0,1
2.0,3.0,4.0,0.0,0.0,0.0,1
2.0,3.0,4.0,0.0,0.0,0.0,1
4.08,3.0,4.0,1.0,0.0,0.0,1
2.1234567901234565,3.0,3.0,0.0,0.0,0.0,1
1.0,1.0,0.0,0.0,0.0,0.0,1
2.1111111111111107,3.0,3.0,0.0,0.0,0.0,1
12.888888888888888,1.0,1.0,2.0,0.0,0.0,1
12.888888888888888,1.0,1.0,2.0,0.0,0.0,1
12.888888888888888,1.0,1.0,2.0,0.0,0.0,1
0.0,0.0,0.0,0.0,0.0,0.0,1
1.56198347107438,4.0,8.0,0.0,0.0,0.0,1
1.56198347107438,4.0,8.0,0.0,0.0,0.0,1
1.56198347107438,4.0,8.0,0.0,0.0,0.0,1
1.56198347107438,4.0,8.0,0.0,0.0,0.0,1
0.0,0.0,0.0,0.0,0.0,0.0,1
1.56198347107438,4.0,8.0,0.0,0.0,0.0,1
6.375,0.0,1.0,0.0,0.0,0.0,1
6.375,0.0,1.0,0.0,0.0,0.0,1
6.375,0.0,1.0,0.0,0.0,0.0,1
31.0,0.0,1.0,0.0,0.0,0.0,1
6.375,0.0,1.0,0.0,0.0,0.0,1
6.375,0.0,1.0,0.0,0.0,0.0,1
1.25,0.0,0.0,0.0,0.0,0.0,1
206.0,146.0,0.0,0.0,0.0,0.0,1
0.888888888888889,0.0,0.0,0.0,0.0,0.0,1
0.0,0.0,0.0,0.0,0.0,0.0,1
2.0,3.0,1.0,0.0,0.0,1.0,1
133.0,102.0,0.0,0.0,0.0,0.0,1
9.25,113.0,0.0,0.0,0.0,0.0,1
1.0,1.0,0.0,0.0,0.0,0.0,1
1.0,1.0,0.0,0.0,0.0,0.0,1
1.01920438957476,8.0,3.0,1.0,-1.0,0.0,1
0.6666666666666666,0.0,0.0,0.0,0.0,0.0,1
1.0,1.0,0.0,0.0,0.0,0.0,1
1.0,1.0,0.0,0.0,0.0,0.0,1
1.0,1.0,0.0,0.0,0.0,0.0,1
1.0,1.0,0.0,0.0,0.0,0.0,1
1.0,1.0,0.0,0.0,0.0,0.0,1
1.0,1.0,0.0,0.0,0.0,0.0,1
1.0,1.0,0.0,0.0,0.0,0.0,1
0.85,0.0,0.0,0.0,0.0,0.0,1
0.85,0.0,0.0,0.0,0.0,0.0,1
0.85,0.0,0.0,0.0,0.0,0.0,1
0.85,0.0,0.0,0.0,0.0,0.0,1
1.142011834319527,3.0,3.0,0.0,0.0,0.0,1
1.142011834319527,3.0,3.0,0.0,0.0,0.0,1
1.142011834319527,5.0,3.0,0.0,0.0,0.0,1
1.0,1.0,0.0,0.0,0.0,0.0,1
1.0,1.0,0.0,0.0,0.0,0.0,1
1.0,1.0,0.0,0.0,0.0,0.0,1
1.0,1.0,0.0,0.0,0.0,0.0,1
1.0,1.0,0.0,0.0,0.0,0.0,1
1.0,1.0,0.0,0.0,0.0,0.0,1
1.0,1.0,0.0,0.0,0.0,0.0,1
1.0,1.0,0.0,0.0,0.0,0.0,1
1.0,1.0,0.0,0.0,0.0,0.0,1
1.0,1.0,0.0,0.0,0.0,0.0,1
1.0,1.0,0.0,0.0,0.0,0.0,1
1.0,1.0,0.0,0.0,0.0,0.0,1
1.0,1.0,0.0,0.0,0.0,0.0,1
1.0,1.0,0.0,0.0,0.0,0.0,1
1.0,1.0,0.0,0.0,0.0,0.0,1
1.0,1.0,0.0,0.0,0.0,0.0,1
7.5,0.0,0.0,0.0,0.0,0.0,1
7.5,0.0,0.0,0.0,0.0,0.0,1
1.0,1.0,0.0,0.0,0.0,0.0,1
0.0,0.0,0.0,0.0,0.0,0.0,1
0.0,0.0,0.0,0.0,0.0,0.0,1
1.0,1.0,0.0,0.0,0.0,0.0,1
1.0,1.0,0.0,0.0,0.0,0.0,1
1.0,1.0,0.0,0.0,0.0,0.0,1
1.0,1.0,0.0,0.0,0.0,0.0,1
1.0,1.0,0.0,0.0,0.0,0.0,1
1.0,1.0,0.0,0.0,0.0,0.0,1
5.5625,0.0,1.0,0.0,0.0,0.0,1
0.6666666666666666,0.0,0.0,0.0,0.0,0.0,1
1.0,1.0,0.0,0.0,0.0,0.0,1
1.0,1.0,0.0,0.0,0.0,0.0,1
1.0,1.0,0.0,0.0,0.0,0.0,1
39.0,0.0,1.0,0.0,0.0,0.0,1
39.0,0.0,1.0,0.0,0.0,0.0,1
39.0,0.0,1.0,0.0,0.0,0.0,1
1.0,1.0,0.0,0.0,0.0,0.0,1
1.0,1.0,0.0,0.0,0.0,0.0,1
1.0,1.0,0.0,0.0,0.0,0.0,1
0.3199999999999999,0.0,0.0,0.0,0.0,0.0,1
0.3199999999999999,0.0,0.0,0.0,0.0,0.0,1
0.3199999999999999,0.0,0.0,0.0,0.0,0.0,1
1.5099999999999998,16.0,0.0,0.0,1.0,1.0,1
1.0,1.0,0.0,0.0,0.0,0.0,1
25.0,1.0,1.0,0.0,0.0,0.0,1
1.0,1.0,0.0,0.0,0.0,0.0,1
1.0,1.0,0.0,0.0,0.0,0.0,1
1.0,1.0,0.0,0.0,0.0,0.0,1
1.0,1.0,0.0,0.0,0.0,0.0,1
1.5714285714285716,3.0,1.0,1.0,-1.0,0.0,1
1.0,1.0,0.0,0.0,0.0,0.0,1
1.3703703703703702,3.0,5.0,0.0,0.0,1.0,1
1.3703703703703702,3.0,5.0,0.0,0.0,1.0,1
1.3703703703703702,3.0,5.0,0.0,0.0,1.0,1
1.3703703703703702,3.0,5.0,0.0,0.0,1.0,1
1.3703703703703702,3.0,5.0,0.0,0.0,1.0,1
1.3703703703703702,3.0,5.0,0.0,0.0,1.0,1
1.3703703703703702,3.0,5.0,0.0,0.0,1.0,1
3.194444444444444,3.0,4.0,0.0,0.0,0.0,1
64.0,0.0,1.0,0.0,0.0,0.0,1
64.0,0.0,1.0,0.0,0.0,0.0,1
134.0,0.0,1.0,2.0,0.0,0.0,1
1.0,1.0,0.0,0.0,0.0,0.0,1
1.0,1.0,0.0,0.0,0.0,0.0,1
1.0,1.0,0.0,0.0,0.0,0.0,1
0.0,0.0,0.0,0.0,0.0,0.0,1
2.805555555555556,3.0,5.0,1.0,0.0,0.0,1
20.5,0.0,0.0,0.0,0.0,0.0,1
2.833333333333334,3.0,5.0,1.0,0.0,0.0,1
2.638888888888889,3.0,5.0,1.0,0.0,0.0,1
72.0,0.0,1.0,0.0,0.0,0.0,1
1.75,0.0,0.0,0.0,0.0,0.0,1
2.805555555555556,3.0,5.0,1.0,0.0,0.0,1
3.055555555555556,3.0,5.0,1.0,0.0,0.0,1
2.4166666666666665,0.0,2.0,1.0,0.0,0.0,1
20.5,0.0,1.0,0.0,0.0,0.0,1
4.027777777777779,5.0,4.0,0.0,0.0,0.0,1
1.0,1.0,0.0,0.0,0.0,0.0,1
1.0,1.0,0.0,0.0,0.0,0.0,1
1.0,1.0,0.0,0.0,0.0,0.0,1
1.0,1.0,0.0,0.0,0.0,0.0,1
3.25,2.0,0.0,0.0,0.0,0.0,1
1.0,1.0,0.0,0.0,0.0,0.0,1
1.0,1.0,0.0,0.0,0.0,0.0,1
0.0,0.0,0.0,0.0,0.0,0.0,1
5.027777777777778,0.0,1.0,1.0,2.0,0.0,1
4.944444444444445,0.0,1.0,1.0,1.0,0.0,1
0.08,1.0,0.0,0.0,0.0,1.0,1
0.08,1.0,0.0,0.0,0.0,1.0,1
10.444444444444445,3.0,2.0,0.0,0.0,0.0,1
1.0,1.0,0.0,0.0,0.0,0.0,1
1.0,1.0,0.0,0.0,0.0,0.0,1
10.444444444444445,3.0,2.0,0.0,0.0,0.0,1
1.0,1.0,0.0,0.0,0.0,0.0,1
10.444444444444445,3.0,2.0,0.0,0.0,0.0,1
1.0,1.0,0.0,0.0,0.0,0.0,1
1.0,1.0,0.0,0.0,0.0,0.0,1
1.0,1.0,0.0,0.0,0.0,0.0,1
1.5454545454545454,5.0,6.0,0.0,0.0,2.0,1
1.0,1.0,0.0,0.0,0.0,0.0,1
1.0,1.0,0.0,0.0,0.0,0.0,1
1.0,1.0,0.0,0.0,0.0,0.0,1
1.0,1.0,0.0,0.0,0.0,0.0,1
1.0,1.0,0.0,0.0,0.0,0.0,1
1.0,1.0,0.0,0.0,0.0,0.0,1
0.08,1.0,0.0,0.0,0.0,1.0,1
0.3333333333333333,0.0,0.0,0.0,0.0,0.0,1
19.0,1.0,1.0,0.0,0.0,0.0,1
7.999999999999999,1.0,1.0,0.0,0.0,0.0,1
7.999999999999999,1.0,1.0,0.0,0.0,0.0,1
0.0,0.0,0.0,0.0,0.0,0.0,1
7.999999999999999,1.0,1.0,0.0,0.0,0.0,1
1.0612244897959182,29.0,0.0,0.0,0.0,0.0,1
1.0,1.0,0.0,0.0,0.0,0.0,1
37.0,0.0,0.0,0.0,0.0,0.0,1
4.083333333333333,1.0,1.0,0.0,0.0,0.0,1
4.083333333333333,1.0,1.0,0.0,0.0,0.0,1
0.0,0.0,0.0,0.0,0.0,0.0,1
4.083333333333333,1.0,1.0,0.0,0.0,0.0,1
4.083333333333333,1.0,1.0,0.0,0.0,0.0,1
4.083333333333333,1.0,1.0,0.0,0.0,0.0,1
1.0,1.0,0.0,0.0,0.0,0.0,1
3.555555555555556,0.0,1.0,0.0,0.0,0.0,1
32.0,0.0,1.0,0.0,0.0,0.0,1
40.0,0.0,1.0,0.0,0.0,0.0,1
4.0,0.0,0.0,0.0,0.0,0.0,1
32.0,0.0,1.0,0.0,0.0,0.0,1
4.0,0.0,0.0,0.0,0.0,0.0,1
32.0,0.0,1.0,0.0,0.0,0.0,1
32.0,0.0,1.0,0.0,0.0,0.0,1
4.0,0.0,0.0,0.0,0.0,0.0,1
1.0,1.0,0.0,0.0,0.0,0.0,1
0.9400000000000002,0.0,4.0,0.0,-1.0,0.0,1
3.510204081632653,0.0,2.0,1.0,0.0,0.0,1
13.444444444444445,0.0,0.0,0.0,0.0,0.0,1
12.222222222222223,1.0,1.0,0.0,0.0,0.0,1
13.22222222222222,1.0,1.0,0.0,0.0,0.0,1
35.0,0.0,1.0,0.0,0.0,0.0,1
14.77777777777778,2.0,1.0,0.0,0.0,0.0,1
16.22222222222222,0.0,1.0,0.0,0.0,0.0,1
22.75,1.0,1.0,0.0,0.0,0.0,1
24.25,0.0,0.0,0.0,0.0,0.0,1
1.0,1.0,0.0,0.0,0.0,0.0,1
1.0,1.0,0.0,0.0,0.0,0.0,1
2.4320987654320985,4.0,8.0,1.0,0.0,0.0,1
9.8125,3.0,5.0,0.0,0.0,0.0,1
2.4320987654320985,4.0,8.0,1.0,0.0,0.0,1
2.4320987654320985,4.0,8.0,1.0,0.0,0.0,1
0.8395061728395059,0.0,1.0,0.0,0.0,0.0,1
1.9259259259259256,3.0,3.0,0.0,0.0,0.0,1
8.64,17.0,1.0,0.0,2.0,0.0,1
4.159999999999999,0.0,1.0,0.0,0.0,0.0,1
1.5785123966942152,4.0,2.0,1.0,1.0,0.0,1
1.0,1.0,0.0,0.0,0.0,0.0,1
1.0,1.0,0.0,0.0,0.0,0.0,1
1.0,1.0,0.0,0.0,0.0,0.0,1
1.0,1.0,0.0,0.0,0.0,0.0,1
1.0,1.0,0.0,0.0,0.0,0.0,1
1.0,1.0,0.0,0.0,0.0,0.0,1
1.0,1.0,0.0,0.0,0.0,0.0,1
3.1666666666666665,0.0,1.0,0.0,0.0,0.0,1
1.0,1.0,0.0,0.0,0.0,0.0,1
2.1604938271604937,3.0,5.0,1.0,0.0,0.0,1
1.0,1.0,0.0,0.0,0.0,0.0,1
1.0,1.0,0.0,0.0,0.0,0.0,1
1.0,1.0,0.0,0.0,0.0,0.0,1
1.0826446280991735,8.0,3.0,0.0,1.0,1.0,1
1.0826446280991735,8.0,3.0,0.0,1.0,1.0,1
1.0826446280991735,8.0,3.0,0.0,1.0,1.0,1
0.85,0.0,0.0,0.0,0.0,0.0,1
1.0826446280991735,8.0,3.0,0.0,1.0,1.0,1
1.0826446280991735,8.0,3.0,0.0,1.0,1.0,1
1.0826446280991735,8.0,3.0,0.0,1.0,1.0,1
1.0,1.0,0.0,0.0,0.0,0.0,1
3.0,0.0,0.0,0.0,0.0,0.0,1
0.5,0.0,0.0,0.0,0.0,0.0,1
1.0,1.0,0.0,0.0,0.0,0.0,1
6.5,4.0,4.0,0.0,0.0,2.0,1
4.816326530612245,5.0,4.0,0.0,1.0,2.0,1
122.0,93.0,0.0,0.0,0.0,0.0,1
122.0,93.0,0.0,0.0,0.0,0.0,1
122.0,93.0,0.0,0.0,0.0,0.0,1
121.0,93.0,0.0,0.0,0.0,0.0,1
115.0,89.0,0.0,0.0,0.0,0.0,1
122.0,93.0,0.0,0.0,0.0,0.0,1
122.0,93.0,0.0,0.0,0.0,0.0,1
1.0,1.0,0.0,0.0,0.0,0.0,1
3.25,2.0,0.0,0.0,0.0,0.0,1
1.8571428571428572,26.0,1.0,0.0,0.0,1.0,1
7.125,25.0,0.0,1.0,1.0,0.0,1
1.8571428571428572,26.0,1.0,0.0,0.0,1.0,1
7.125,25.0,0.0,1.0,1.0,0.0,1
1.8571428571428572,26.0,1.0,0.0,0.0,1.0,1
7.125,25.0,0.0,1.0,1.0,0.0,1
2.305555555555556,20.0,1.0,0.0,0.0,1.0,1
2.305555555555556,20.0,1.0,0.0,0.0,1.0,1
2.305555555555556,20.0,1.0,0.0,0.0,1.0,1
1.9444444444444444,19.0,1.0,0.0,0.0,1.0,1
1.9444444444444444,19.0,1.0,0.0,0.0,1.0,1
2.305555555555556,20.0,1.0,0.0,0.0,1.0,1
2.305555555555556,20.0,1.0,0.0,0.0,1.0,1
0.24,0.0,0.0,0.0,0.0,0.0,1
1.0,1.0,0.0,0.0,0.0,0.0,1
1.0,1.0,0.0,0.0,0.0,0.0,1
18.5,0.0,0.0,0.0,0.0,0.0,1
1.4489795918367343,0.0,0.0,1.0,0.0,0.0,1
1.0,1.0,0.0,0.0,0.0,0.0,1
10.444444444444445,3.0,2.0,0.0,0.0,0.0,1
1.0,1.0,0.0,0.0,0.0,0.0,1
0.0,0.0,0.0,0.0,0.0,0.0,1
0.8133333333333332,0.0,0.0,1.0,0.0,0.0,1
1.0,1.0,0.0,0.0,0.0,0.0,1
2.9387755102040813,1.0,1.0,0.0,0.0,0.0,1
1.0,1.0,0.0,0.0,0.0,0.0,1
0.2314049586776859,2.0,0.0,0.0,0.0,0.0,1
1.0,1.0,0.0,0.0,0.0,0.0,1
1.0,1.0,0.0,0.0,0.0,0.0,1
1.0,1.0,0.0,0.0,0.0,0.0,1
2.40625,1.0,4.0,0.0,0.0,0.0,1
2.0,0.0,0.0,0.0,0.0,0.0,1
3.3673469387755097,3.0,0.0,1.0,-1.0,0.0,0
3.3673469387755097,3.0,0.0,1.0,-1.0,0.0,0
3.3673469387755097,3.0,0.0,1.0,-1.0,0.0,0
3.3673469387755097,3.0,0.0,1.0,-1.0,0.0,0
3.3673469387755097,3.0,0.0,1.0,-1.0,0.0,0
3.3673469387755097,3.0,0.0,1.0,-1.0,0.0,0
3.3673469387755097,3.0,0.0,1.0,-1.0,0.0,0
3.3673469387755097,3.0,0.0,1.0,-1.0,0.0,0
3.3673469387755097,3.0,0.0,1.0,-1.0,0.0,0
3.3673469387755097,3.0,0.0,1.0,-1.0,0.0,0
3.3673469387755097,3.0,0.0,1.0,-1.0,0.0,0
3.3673469387755097,3.0,0.0,1.0,-1.0,0.0,0
3.3673469387755097,3.0,0.0,1.0,-1.0,0.0,0
3.3673469387755097,3.0,0.0,1.0,-1.0,0.0,0
3.3673469387755097,3.0,0.0,1.0,-1.0,0.0,0
3.3673469387755097,3.0,0.0,1.0,-1.0,0.0,0
3.3673469387755097,3.0,0.0,1.0,-1.0,0.0,0
3.3673469387755097,3.0,0.0,1.0,-1.0,0.0,0
3.3673469387755097,3.0,0.0,1.0,-1.0,0.0,0
3.3673469387755097,3.0,0.0,1.0,-1.0,0.0,0
3.3673469387755097,3.0,0.0,1.0,-1.0,0.0,0
3.3673469387755097,3.0,0.0,1.0,-1.0,0.0,0
3.3673469387755097,3.0,0.0,1.0,-1.0,0.0,0
3.3673469387755097,3.0,0.0,1.0,-1.0,0.0,0
3.3673469387755097,3.0,0.0,1.0,-1.0,0.0,0
3.3673469387755097,3.0,0.0,1.0,-1.0,0.0,0
3.3673469387755097,3.0,0.0,1.0,-1.0,0.0,0
3.3673469387755097,3.0,0.0,1.0,-1.0,0.0,0
3.3673469387755097,3.0,0.0,1.0,-1.0,0.0,0
3.3673469387755097,3.0,0.0,1.0,-1.0,0.0,0
3.3673469387755097,3.0,0.0,1.0,-1.0,0.0,0
3.3673469387755097,3.0,0.0,1.0,-1.0,0.0,0
3.3673469387755097,3.0,0.0,1.0,-1.0,0.0,0
3.3673469387755097,3.0,0.0,1.0,-1.0,0.0,0
2.6875,3.0,0.0,1.0,-1.0,0.0,0
3.3673469387755097,3.0,0.0,1.0,-1.0,0.0,0
3.3673469387755097,3.0,0.0,1.0,-1.0,0.0,0
3.3673469387755097,3.0,0.0,1.0,-1.0,0.0,0
3.3673469387755097,3.0,0.0,1.0,-1.0,0.0,0
3.3673469387755097,3.0,0.0,1.0,-1.0,0.0,0
3.3673469387755097,3.0,0.0,1.0,-1.0,0.0,0
3.3673469387755097,3.0,0.0,1.0,-1.0,0.0,0
3.3673469387755097,3.0,0.0,1.0,-1.0,0.0,0
3.3673469387755097,3.0,0.0,1.0,-1.0,0.0,0
3.3673469387755097,3.0,0.0,1.0,-1.0,0.0,0
3.3673469387755097,3.0,0.0,1.0,-1.0,0.0,0
3.3673469387755097,3.0,0.0,1.0,-1.0,0.0,0
3.3673469387755097,3.0,0.0,1.0,-1.0,0.0,0
3.3673469387755097,3.0,0.0,1.0,-1.0,0.0,0
3.3673469387755097,3.0,0.0,1.0,-1.0,0.0,0
3.3673469387755097,3.0,0.0,1.0,-1.0,0.0,0
3.3673469387755097,3.0,0.0,1.0,-1.0,0.0,0
3.3673469387755097,3.0,0.0,1.0,-1.0,0.0,0
3.3673469387755097,3.0,0.0,1.0,-1.0,0.0,0
3.3673469387755097,3.0,0.0,1.0,-1.0,0.0,0
3.3673469387755097,3.0,0.0,1.0,-1.0,0.0,0
3.3673469387755097,3.0,0.0,1.0,-1.0,0.0,0
3.3673469387755097,3.0,0.0,1.0,-1.0,0.0,0
3.3673469387755097,3.0,0.0,1.0,-1.0,0.0,0
3.3673469387755097,3.0,0.0,1.0,-1.0,0.0,0
3.3673469387755097,3.0,0.0,1.0,-1.0,0.0,0
1.0,1.0,0.0,0.0,0.0,0.0,1
0.0,0.0,0.0,0.0,0.0,0.0,1
5.840000000000001,2.0,1.0,0.0,1.0,0.0,1
4.5,1.0,2.0,0.0,1.0,0.0,1
3.3265306122448983,21.0,0.0,0.0,-1.0,0.0,1
1.635802469135802,25.0,7.0,3.0,-1.0,1.0,1
3.387755102040816,0.0,1.0,1.0,-1.0,0.0,1
3.3265306122448983,21.0,0.0,0.0,-1.0,0.0,1
3.285714285714285,0.0,1.0,1.0,-1.0,0.0,1
3.3265306122448983,21.0,0.0,0.0,-1.0,0.0,1
2.390000000000001,1.0,1.0,2.0,-1.0,0.0,1
3.387755102040816,0.0,1.0,1.0,-1.0,0.0,1
3.285714285714285,0.0,1.0,1.0,-1.0,0.0,1
3.3265306122448983,21.0,0.0,0.0,-1.0,0.0,1
3.3265306122448983,21.0,0.0,0.0,-1.0,0.0,1
3.3265306122448983,21.0,0.0,0.0,-1.0,0.0,1
3.3265306122448983,21.0,0.0,0.0,-1.0,0.0,1
3.387755102040816,0.0,1.0,1.0,-1.0,0.0,1
3.285714285714285,0.0,1.0,1.0,-1.0,0.0,1
3.5,21.0,0.0,0.0,1.0,0.0,1
3.3265306122448983,21.0,0.0,0.0,-1.0,0.0,1
0.5377777777777778,43.0,0.0,0.0,0.0,0.0,1
3.5,21.0,0.0,0.0,1.0,0.0,1
6.56,3.0,5.0,0.0,0.0,1.0,1
3.3265306122448983,21.0,0.0,0.0,-1.0,0.0,1
4.5,1.0,2.0,0.0,1.0,0.0,1
3.3265306122448983,21.0,0.0,0.0,-1.0,0.0,1
1.635802469135802,25.0,7.0,3.0,-1.0,1.0,1
2.390000000000001,1.0,1.0,2.0,-1.0,0.0,1
0.5377777777777778,43.0,0.0,0.0,0.0,0.0,1
4.5,1.0,2.0,0.0,1.0,0.0,1
3.510204081632653,2.0,1.0,1.0,1.0,0.0,1
63.75,10.0,4.0,2.0,0.0,0.0,1
3.3265306122448983,21.0,0.0,0.0,-1.0,0.0,1
2.400000000000001,1.0,1.0,2.0,-1.0,0.0,1
3.387755102040816,2.0,1.0,1.0,1.0,0.0,1
6.375,0.0,1.0,0.0,0.0,0.0,1
3.551020408163265,0.0,1.0,1.0,-1.0,0.0,1
1.3079584775086506,10.0,5.0,2.0,-1.0,1.0,1
3.551020408163265,0.0,1.0,1.0,-1.0,0.0,1
1.2768166089965396,10.0,5.0,2.0,-1.0,1.0,1
3.551020408163265,0.0,1.0,1.0,-1.0,0.0,1
164.0,1.0,1.0,1.0,0.0,0.0,1
0.3454861111111111,43.0,1.0,1.0,0.0,0.0,1
3.3265306122448983,21.0,0.0,0.0,-1.0,0.0,1
3.3265306122448983,21.0,0.0,0.0,-1.0,0.0,1
3.3265306122448983,21.0,0.0,0.0,-1.0,0.0,1
1.4764542936288088,204.0,0.0,1.0,0.0,0.0,1
1.493827160493827,0.0,1.0,0.0,1.0,0.0,1
2.0864197530864192,1.0,1.0,1.0,1.0,0.0,1
2.400000000000001,1.0,1.0,2.0,-1.0,0.0,1
1.6326530612244898,3.0,3.0,0.0,0.0,0.0,1
1.6326530612244898,3.0,3.0,0.0,0.0,0.0,1
1.6326530612244898,3.0,3.0,0.0,0.0,0.0,1
1.6326530612244898,3.0,3.0,0.0,0.0,0.0,1
1.6326530612244898,3.0,3.0,0.0,0.0,0.0,1
1.0,1.0,0.0,0.0,0.0,0.0,1
1.6326530612244898,3.0,3.0,0.0,0.0,0.0,1
1.0,1.0,0.0,0.0,0.0,0.0,1
1.6326530612244898,3.0,3.0,0.0,0.0,0.0,1
1.6122448979591837,3.0,3.0,0.0,0.0,0.0,1
3.346938775510204,0.0,2.0,1.0,1.0,0.0,1
12.66666666666667,0.0,1.0,1.0,0.0,0.0,1
3.469387755102041,0.0,2.0,1.0,1.0,0.0,1
8.875,0.0,1.0,1.0,1.0,0.0,1
3.469387755102041,0.0,2.0,1.0,1.0,0.0,1
7.5,0.0,1.0,1.0,1.0,0.0,1
0.0,0.0,0.0,0.0,0.0,0.0,1
3.1632653061224496,0.0,2.0,1.0,1.0,0.0,1
3.346938775510204,0.0,2.0,1.0,1.0,0.0,1
7.5,0.0,1.0,1.0,1.0,0.0,1
0.0,0.0,0.0,0.0,0.0,0.0,1
1.0918367346938775,25.0,4.0,1.0,0.0,2.0,1
1.0918367346938775,25.0,4.0,1.0,0.0,2.0,1
1.0,1.0,0.0,0.0,0.0,0.0,1
1.0,1.0,0.0,0.0,0.0,0.0,1
39.0,0.0,1.0,0.0,0.0,0.0,1
1.0,1.0,0.0,0.0,0.0,0.0,1
1.0,1.0,0.0,0.0,0.0,0.0,1
1.0,1.0,0.0,0.0,0.0,0.0,1
1.0,1.0,0.0,0.0,0.0,0.0,1
1.0,1.0,0.0,0.0,0.0,0.0,1
1.0,1.0,0.0,0.0,0.0,0.0,1
1.0,1.0,0.0,0.0,0.0,0.0,1
1.0,1.0,0.0,0.0,0.0,0.0,1
1.0,1.0,0.0,0.0,0.0,0.0,1
1.0,1.0,0.0,0.0,0.0,0.0,1
1.0,1.0,0.0,0.0,0.0,0.0,1
1.0,1.0,0.0,0.0,0.0,0.0,1
1.0,1.0,0.0,0.0,0.0,0.0,1
1.0,1.0,0.0,0.0,0.0,0.0,1
1.0,1.0,0.0,0.0,0.0,0.0,1
39.0,0.0,1.0,0.0,0.0,0.0,1
1.0,1.0,0.0,0.0,0.0,0.0,1
0.0,0.0,0.0,0.0,0.0,0.0,1
1.0,1.0,0.0,0.0,0.0,0.0,1
1.0,1.0,0.0,0.0,0.0,0.0,1
1.0,1.0,0.0,0.0,0.0,0.0,1
1.0,1.0,0.0,0.0,0.0,0.0,1
1.0,1.0,0.0,0.0,0.0,0.0,1
1.0,1.0,0.0,0.0,0.0,0.0,1
1.0,1.0,0.0,0.0,0.0,0.0,1
0.0,0.0,0.0,0.0,0.0,0.0,1
39.0,0.0,1.0,0.0,0.0,0.0,1
0.0,0.0,0.0,0.0,0.0,0.0,1
1.0,1.0,0.0,0.0,0.0,0.0,1
1.0,1.0,0.0,0.0,0.0,0.0,1
1.0,1.0,0.0,0.0,0.0,0.0,1
1.0,1.0,0.0,0.0,0.0,0.0,1
0.0,0.0,0.0,0.0,0.0,0.0,1
1.0,1.0,0.0,0.0,0.0,0.0,1
1.0,1.0,0.0,0.0,0.0,0.0,1
1.0,1.0,0.0,0.0,0.0,0.0,1
1.0,1.0,0.0,0.0,0.0,0.0,1
1.0,1.0,0.0,0.0,0.0,0.0,1
1.0,1.0,0.0,0.0,0.0,0.0,1
1.0,1.0,0.0,0.0,0.0,0.0,1
1.0,1.0,0.0,0.0,0.0,0.0,1
1.0,1.0,0.0,0.0,0.0,0.0,1
1.0,1.0,0.0,0.0,0.0,0.0,1
1.0,1.0,0.0,0.0,0.0,0.0,1
1.0,1.0,0.0,0.0,0.0,0.0,1
1.0,1.0,0.0,0.0,0.0,0.0,1
0.6666666666666666,0.0,0.0,0.0,0.0,0.0,1
16.333333333333336,3.0,2.0,0.0,1.0,0.0,1
0.0,0.0,0.0,0.0,0.0,0.0,1
3.1893491124260365,3.0,1.0,1.0,0.0,0.0,1
0.0,0.0,0.0,0.0,0.0,0.0,1
12.25,27.0,0.0,0.0,0.0,0.0,1
7.555555555555556,0.0,1.0,0.0,0.0,0.0,1
8.11111111111111,4.0,4.0,0.0,0.0,0.0,1
0.0,0.0,0.0,0.0,0.0,0.0,1
7.777777777777778,0.0,1.0,0.0,0.0,0.0,1
0.0,0.0,0.0,0.0,0.0,0.0,1
16.333333333333336,3.0,2.0,0.0,1.0,0.0,1
0.0,0.0,0.0,0.0,0.0,0.0,1
1.2222222222222223,0.0,0.0,0.0,0.0,0.0,1
0.0,0.0,0.0,0.0,0.0,0.0,1
0.0,0.0,0.0,0.0,0.0,0.0,1
1.0,0.0,0.0,0.0,0.0,0.0,1
3.0,0.0,0.0,0.0,0.0,0.0,1
1.0,0.0,0.0,0.0,0.0,0.0,1
3.0,0.0,0.0,0.0,0.0,0.0,1
3.0,0.0,0.0,0.0,0.0,0.0,1
3.0,0.0,0.0,0.0,0.0,0.0,1
1.0,0.0,0.0,0.0,0.0,0.0,1
1.0,0.0,0.0,0.0,0.0,0.0,1
4.0,0.0,0.0,0.0,0.0,0.0,1
3.0,0.0,0.0,0.0,0.0,0.0,1
3.0,0.0,0.0,0.0,0.0,0.0,1
0.75,0.0,0.0,0.0,0.0,2.0,1
1.0,0.0,0.0,0.0,0.0,0.0,1
0.75,0.0,0.0,0.0,0.0,2.0,1
3.0,0.0,0.0,0.0,0.0,0.0,1
3.0,0.0,0.0,0.0,0.0,0.0,1
0.0,0.0,0.0,0.0,0.0,0.0,1
0.0,0.0,0.0,0.0,0.0,0.0,1
4.0,0.0,0.0,0.0,0.0,0.0,1
1.0,0.0,0.0,0.0,0.0,0.0,1
3.0,0.0,0.0,0.0,0.0,0.0,1
3.0,0.0,0.0,0.0,0.0,0.0,1
0.75,0.0,0.0,0.0,0.0,2.0,1
4.0,0.0,0.0,0.0,0.0,0.0,1
1.0,0.0,0.0,0.0,0.0,0.0,1
0.0,0.0,0.0,0.0,0.0,0.0,1
0.0,0.0,0.0,0.0,0.0,0.0,1
3.0,0.0,0.0,0.0,0.0,0.0,1
3.0,0.0,0.0,0.0,0.0,0.0,1
0.2040816326530611,0.0,0.0,0.0,0.0,0.0,1
3.0,0.0,0.0,0.0,0.0,0.0,1
9.0,0.0,0.0,0.0,0.0,0.0,1
9.0,0.0,0.0,0.0,0.0,0.0,1
9.0,0.0,0.0,0.0,0.0,0.0,1
9.0,0.0,0.0,0.0,0.0,0.0,1
9.0,0.0,0.0,0.0,0.0,0.0,1
9.0,0.0,0.0,0.0,0.0,0.0,1
9.0,0.0,0.0,0.0,0.0,0.0,1
9.0,0.0,0.0,0.0,0.0,0.0,1
28.25,1.0,1.0,0.0,0.0,0.0,1
9.0,0.0,0.0,0.0,0.0,0.0,1
9.0,0.0,0.0,0.0,0.0,0.0,1
9.0,0.0,0.0,0.0,0.0,0.0,1
9.0,0.0,0.0,0.0,0.0,0.0,1
9.0,0.0,0.0,0.0,0.0,0.0,1
9.0,0.0,0.0,0.0,0.0,0.0,1
9.0,0.0,0.0,0.0,0.0,0.0,1
9.0,0.0,0.0,0.0,0.0,0.0,1
9.0,0.0,0.0,0.0,0.0,0.0,1
9.0,0.0,0.0,0.0,0.0,0.0,1
9.0,0.0,0.0,0.0,0.0,0.0,1
9.0,0.0,0.0,0.0,0.0,0.0,1
9.0,0.0,0.0,0.0,0.0,0.0,1
9.0,0.0,0.0,0.0,0.0,0.0,1
1.859375,3.0,7.0,0.0,1.0,0.0,1
1.859375,3.0,7.0,0.0,1.0,0.0,1
1.875,3.0,7.0,0.0,1.0,0.0,1
1.859375,3.0,7.0,0.0,1.0,0.0,1
1.859375,3.0,7.0,0.0,1.0,0.0,1
1.859375,3.0,7.0,0.0,1.0,0.0,1
1.859375,3.0,7.0,0.0,1.0,0.0,1
1.859375,3.0,7.0,0.0,1.0,0.0,1
1.875,3.0,7.0,0.0,1.0,0.0,1
1.859375,3.0,7.0,0.0,1.0,0.0,1
1.859375,3.0,7.0,0.0,1.0,0.0,1
4.6875,0.0,0.0,0.0,0.0,0.0,1
1.875,3.0,7.0,0.0,1.0,0.0,1
1.859375,3.0,7.0,0.0,1.0,0.0,1
1.0,1.0,0.0,0.0,0.0,0.0,1
1.859375,3.0,7.0,0.0,1.0,0.0,1
1.859375,3.0,7.0,0.0,1.0,0.0,1
1.859375,3.0,7.0,0.0,1.0,0.0,1
1.859375,3.0,7.0,0.0,1.0,0.0,1
1.875,3.0,7.0,0.0,1.0,0.0,1
1.859375,3.0,7.0,0.0,1.0,0.0,1
1.859375,3.0,7.0,0.0,1.0,0.0,1
1.875,3.0,7.0,0.0,1.0,0.0,1
1.859375,3.0,7.0,0.0,1.0,0.0,1
1.875,3.0,7.0,0.0,1.0,0.0,1
1.859375,3.0,7.0,0.0,1.0,0.0,1
1.859375,3.0,7.0,0.0,1.0,0.0,1
1.875,3.0,7.0,0.0,1.0,0.0,1
1.859375,3.0,7.0,0.0,1.0,0.0,1
1.859375,3.0,7.0,0.0,1.0,0.0,1
1.859375,3.0,7.0,0.0,1.0,0.0,1
1.859375,3.0,7.0,0.0,1.0,0.0,1
1.875,3.0,7.0,0.0,1.0,0.0,1
1.875,3.0,7.0,0.0,1.0,0.0,1
1.875,3.0,7.0,0.0,1.0,0.0,1
1.859375,3.0,7.0,0.0,1.0,0.0,1
1.859375,3.0,7.0,0.0,1.0,0.0,1
1.859375,3.0,7.0,0.0,1.0,0.0,1
1.875,3.0,7.0,0.0,1.0,0.0,1
1.859375,3.0,7.0,0.0,1.0,0.0,1
1.859375,3.0,7.0,0.0,1.0,0.0,1
1.859375,3.0,7.0,0.0,1.0,0.0,1
1.859375,3.0,7.0,0.0,1.0,0.0,1
1.859375,3.0,7.0,0.0,1.0,0.0,1
1.859375,3.0,7.0,0.0,1.0,0.0,1
1.859375,3.0,7.0,0.0,1.0,0.0,1
1.859375,3.0,7.0,0.0,1.0,0.0,1
1.875,3.0,7.0,0.0,1.0,0.0,1
1.875,3.0,7.0,0.0,1.0,0.0,1
1.0,1.0,0.0,0.0,0.0,0.0,1
1.859375,3.0,7.0,0.0,1.0,0.0,1
1.859375,3.0,7.0,0.0,1.0,0.0,1
1.859375,3.0,7.0,0.0,1.0,0.0,1
1.875,3.0,7.0,0.0,1.0,0.0,1
1.859375,3.0,7.0,0.0,1.0,0.0,1
1.859375,3.0,7.0,0.0,1.0,0.0,1
1.859375,3.0,7.0,0.0,1.0,0.0,1
1.875,3.0,7.0,0.0,1.0,0.0,1
1.859375,3.0,7.0,0.0,1.0,0.0,1
1.859375,3.0,7.0,0.0,1.0,0.0,1
1.875,3.0,7.0,0.0,1.0,0.0,1
1.875,3.0,7.0,0.0,1.0,0.0,1
1.859375,3.0,7.0,0.0,1.0,0.0,1
1.859375,3.0,7.0,0.0,1.0,0.0,1
1.859375,3.0,7.0,0.0,1.0,0.0,1
1.859375,3.0,7.0,0.0,1.0,0.0,1
1.859375,3.0,7.0,0.0,1.0,0.0,1
1.859375,3.0,7.0,0.0,1.0,0.0,1
1.859375,3.0,7.0,0.0,1.0,0.0,1
1.859375,3.0,7.0,0.0,1.0,0.0,1
1.859375,3.0,7.0,0.0,1.0,0.0,1
1.875,3.0,7.0,0.0,1.0,0.0,1
1.859375,3.0,7.0,0.0,1.0,0.0,1
1.859375,3.0,7.0,0.0,1.0,0.0,1
1.859375,3.0,7.0,0.0,1.0,0.0,1
1.859375,3.0,7.0,0.0,1.0,0.0,1
1.875,3.0,7.0,0.0,1.0,0.0,1
1.859375,3.0,7.0,0.0,1.0,0.0,1
1.875,3.0,7.0,0.0,1.0,0.0,1
1.859375,3.0,7.0,0.0,1.0,0.0,1
1.859375,3.0,7.0,0.0,1.0,0.0,1
1.875,3.0,7.0,0.0,1.0,0.0,1
1.875,3.0,7.0,0.0,1.0,0.0,1
1.859375,3.0,7.0,0.0,1.0,0.0,1
1.875,3.0,7.0,0.0,1.0,0.0,1
1.875,3.0,7.0,0.0,1.0,0.0,1
1.859375,3.0,7.0,0.0,1.0,0.0,1
1.875,3.0,7.0,0.0,1.0,0.0,1
1.875,3.0,7.0,0.0,1.0,0.0,1
1.859375,3.0,7.0,0.0,1.0,0.0,1
1.875,3.0,7.0,0.0,1.0,0.0,1
1.859375,3.0,7.0,0.0,1.0,0.0,1
1.859375,3.0,7.0,0.0,1.0,0.0,1
1.875,3.0,7.0,0.0,1.0,0.0,1
1.875,3.0,7.0,0.0,1.0,0.0,1
1.875,3.0,7.0,0.0,1.0,0.0,1
1.875,3.0,7.0,0.0,1.0,0.0,1
1.859375,3.0,7.0,0.0,1.0,0.0,1
1.859375,3.0,7.0,0.0,1.0,0.0,1
1.859375,3.0,7.0,0.0,1.0,0.0,1
1.875,3.0,7.0,0.0,1.0,0.0,1
1.859375,3.0,7.0,0.0,1.0,0.0,1
1.859375,3.0,7.0,0.0,1.0,0.0,1
1.875,3.0,7.0,0.0,1.0,0.0,1
1.859375,3.0,7.0,0.0,1.0,0.0,1
1.875,3.0,7.0,0.0,1.0,0.0,1
1.875,3.0,7.0,0.0,1.0,0.0,1
1.859375,3.0,7.0,0.0,1.0,0.0,1
1.859375,3.0,7.0,0.0,1.0,0.0,1
1.859375,3.0,7.0,0.0,1.0,0.0,1
1.859375,3.0,7.0,0.0,1.0,0.0,1
1.859375,3.0,7.0,0.0,1.0,0.0,1
1.859375,3.0,7.0,0.0,1.0,0.0,1
1.859375,3.0,7.0,0.0,1.0,0.0,1
1.859375,3.0,7.0,0.0,1.0,0.0,1
1.859375,3.0,7.0,0.0,1.0,0.0,1
1.859375,3.0,7.0,0.0,1.0,0.0,1
1.859375,3.0,7.0,0.0,1.0,0.0,1
0.0,0.0,0.0,0.0,0.0,0.0,1
0.0,0.0,0.0,0.0,0.0,0.0,1
4.111111111111112,19.0,4.0,1.0,0.0,0.0,1
3.6666666666666665,17.0,2.0,1.0,0.0,0.0,1
4.055555555555556,19.0,4.0,1.0,0.0,0.0,1
40.0,0.0,1.0,0.0,0.0,0.0,1
2.7142857142857144,17.0,2.0,1.0,0.0,1.0,1
3.6666666666666665,17.0,2.0,1.0,0.0,0.0,1
4.111111111111112,19.0,4.0,1.0,0.0,0.0,1
40.0,0.0,1.0,0.0,0.0,0.0,1
4.027777777777778,19.0,4.0,1.0,0.0,0.0,1
3.833333333333334,19.0,4.0,1.0,0.0,0.0,1
0.0,0.0,0.0,0.0,0.0,0.0,1
4.111111111111112,19.0,4.0,1.0,0.0,0.0,1
4.027777777777778,19.0,4.0,1.0,0.0,0.0,1
2.7142857142857144,17.0,2.0,1.0,0.0,1.0,1
0.0,0.0,0.0,0.0,0.0,0.0,1
4.027777777777778,19.0,4.0,1.0,0.0,0.0,1
4.13888888888889,19.0,4.0,1.0,0.0,0.0,1
40.0,0.0,1.0,0.0,0.0,0.0,1
40.0,0.0,1.0,0.0,0.0,0.0,1
4.027777777777778,19.0,4.0,1.0,0.0,0.0,1
2.7142857142857144,17.0,2.0,1.0,0.0,1.0,1
3.472222222222222,10.0,4.0,1.0,0.0,0.0,1
4.027777777777778,19.0,4.0,1.0,0.0,0.0,1
17.88888888888889,21.0,1.0,0.0,0.0,0.0,1
40.0,0.0,1.0,0.0,0.0,0.0,1
4.027777777777778,19.0,4.0,1.0,0.0,0.0,1
2.6326530612244903,17.0,2.0,1.0,0.0,0.0,1
3.9166666666666674,19.0,4.0,1.0,0.0,0.0,1
3.6666666666666665,17.0,2.0,1.0,0.0,0.0,1
4.027777777777778,19.0,4.0,1.0,0.0,0.0,1
4.0,0.0,0.0,0.0,0.0,0.0,1
4.111111111111112,19.0,4.0,1.0,0.0,0.0,1
2.7142857142857144,17.0,2.0,1.0,0.0,1.0,1
2.6666666666666665,0.0,0.0,0.0,0.0,0.0,1
0.0867346938775509,0.0,1.0,0.0,0.0,0.0,1
2.6666666666666665,0.0,0.0,0.0,0.0,0.0,1
0.0,0.0,0.0,0.0,0.0,0.0,1
2.777777777777777,0.0,0.0,0.0,0.0,0.0,1
2.6666666666666665,0.0,0.0,0.0,0.0,0.0,1
0.0,0.0,0.0,0.0,0.0,0.0,1
2.6666666666666665,0.0,0.0,0.0,0.0,0.0,1
1.0255102040816326,8.0,2.0,1.0,0.0,13.0,1
1.0,1.0,0.0,0.0,0.0,0.0,1
2.777777777777777,0.0,0.0,0.0,0.0,0.0,1
0.0,0.0,0.0,0.0,0.0,0.0,1
0.0,0.0,0.0,0.0,0.0,0.0,1
1.0,1.0,0.0,0.0,0.0,0.0,1
1.0,1.0,0.0,0.0,0.0,0.0,1
1.0,1.0,0.0,0.0,0.0,0.0,1
1.0,1.0,0.0,0.0,0.0,0.0,1
1.0,1.0,0.0,0.0,0.0,0.0,1
1.0,1.0,0.0,0.0,0.0,0.0,1
1.0,1.0,0.0,0.0,0.0,0.0,1
1.0,1.0,0.0,0.0,0.0,0.0,1
1.0,1.0,0.0,0.0,0.0,0.0,1
1.0,1.0,0.0,0.0,0.0,0.0,1
1.0,1.0,0.0,0.0,0.0,0.0,1
1.0,1.0,0.0,0.0,0.0,0.0,1
1.0,1.0,0.0,0.0,0.0,0.0,1
1.0,1.0,0.0,0.0,0.0,0.0,1
1.0,1.0,0.0,0.0,0.0,0.0,1
1.0,1.0,0.0,0.0,0.0,0.0,1
1.0,1.0,0.0,0.0,0.0,0.0,1
1.0,1.0,0.0,0.0,0.0,0.0,1
1.0,1.0,0.0,0.0,0.0,0.0,1
1.0,1.0,0.0,0.0,0.0,0.0,1
1.0,1.0,0.0,0.0,0.0,0.0,1
1.0,1.0,0.0,0.0,0.0,0.0,1
1.0,1.0,0.0,0.0,0.0,0.0,1
1.0,1.0,0.0,0.0,0.0,0.0,1
1.0,1.0,0.0,0.0,0.0,0.0,1
1.0,1.0,0.0,0.0,0.0,0.0,1
1.0,1.0,0.0,0.0,0.0,0.0,1
1.0,1.0,0.0,0.0,0.0,0.0,1
1.0,1.0,0.0,0.0,0.0,0.0,1
1.0,1.0,0.0,0.0,0.0,0.0,1
1.0,1.0,0.0,0.0,0.0,0.0,1
1.0,1.0,0.0,0.0,0.0,0.0,1
1.0,1.0,0.0,0.0,0.0,0.0,1
1.0,1.0,0.0,0.0,0.0,0.0,1
1.0,1.0,0.0,0.0,0.0,0.0,1
1.0,1.0,0.0,0.0,0.0,0.0,1
1.0,1.0,0.0,0.0,0.0,0.0,1
1.0,1.0,0.0,0.0,0.0,0.0,1
1.0,1.0,0.0,0.0,0.0,0.0,1
1.0,1.0,0.0,0.0,0.0,0.0,1
1.0,1.0,0.0,0.0,0.0,0.0,1
1.0,1.0,0.0,0.0,0.0,0.0,1
1.0,1.0,0.0,0.0,0.0,0.0,1
1.0,1.0,0.0,0.0,0.0,0.0,1
1.0,1.0,0.0,0.0,0.0,0.0,1
1.0,1.0,0.0,0.0,0.0,0.0,1
1.0,1.0,0.0,0.0,0.0,0.0,1
1.0,1.0,0.0,0.0,0.0,0.0,1
0.0,0.0,0.0,0.0,0.0,0.0,1
1.0,1.0,0.0,0.0,0.0,0.0,1
1.0,1.0,0.0,0.0,0.0,0.0,1
0.0,0.0,0.0,0.0,0.0,0.0,1
1.0,1.0,0.0,0.0,0.0,0.0,1
1.0,1.0,0.0,0.0,0.0,0.0,1
1.0,1.0,0.0,0.0,0.0,0.0,1
1.0,1.0,0.0,0.0,0.0,0.0,1
0.0,0.0,0.0,0.0,0.0,0.0,1
1.0,1.0,0.0,0.0,0.0,0.0,1
1.0,1.0,0.0,0.0,0.0,0.0,1
0.0,0.0,0.0,0.0,0.0,0.0,1
1.0,1.0,0.0,0.0,0.0,0.0,1
1.0,1.0,0.0,0.0,0.0,0.0,1
1.0,1.0,0.0,0.0,0.0,0.0,1
1.0,1.0,0.0,0.0,0.0,0.0,1
0.0,0.0,0.0,0.0,0.0,0.0,1
1.0,1.0,0.0,0.0,0.0,0.0,1
1.0,1.0,0.0,0.0,0.0,0.0,1
1.0,1.0,0.0,0.0,0.0,0.0,1
1.0,1.0,0.0,0.0,0.0,0.0,1
1.0,1.0,0.0,0.0,0.0,0.0,1
1.0,1.0,0.0,0.0,0.0,0.0,1
1.0,1.0,0.0,0.0,0.0,0.0,1
0.0,0.0,0.0,0.0,0.0,0.0,1
1.0,1.0,0.0,0.0,0.0,0.0,1
1.0,1.0,0.0,0.0,0.0,0.0,1
1.0,1.0,0.0,0.0,0.0,0.0,1
1.0,1.0,0.0,0.0,0.0,0.0,1
1.0,1.0,0.0,0.0,0.0,0.0,1
1.0,1.0,0.0,0.0,0.0,0.0,1
1.0,1.0,0.0,0.0,0.0,0.0,1
1.0,1.0,0.0,0.0,0.0,0.0,1
1.0,1.0,0.0,0.0,0.0,0.0,1
1.0,1.0,0.0,0.0,0.0,0.0,1
1.0,1.0,0.0,0.0,0.0,0.0,1
1.0,1.0,0.0,0.0,0.0,0.0,1
1.0,1.0,0.0,0.0,0.0,0.0,1
1.0,1.0,0.0,0.0,0.0,0.0,1
1.0,1.0,0.0,0.0,0.0,0.0,1
0.0,0.0,0.0,0.0,0.0,0.0,1
1.0,1.0,0.0,0.0,0.0,0.0,1
1.0,1.0,0.0,0.0,0.0,0.0,1
1.0,1.0,0.0,0.0,0.0,0.0,1
0.2448979591836734,0.0,0.0,0.0,0.0,0.0,1
22.0,1.0,1.0,0.0,0.0,0.0,1
17.77777777777778,38.0,0.0,0.0,0.0,0.0,1
0.0,0.0,0.0,0.0,0.0,0.0,1
1.0,1.0,0.0,0.0,0.0,0.0,1
2.44,0.0,0.0,0.0,0.0,0.0,1
1.0,1.0,0.0,0.0,0.0,0.0,1
3.0,0.0,0.0,0.0,0.0,0.0,1
4.199999999999999,17.0,2.0,1.0,0.0,0.0,1
3.6666666666666665,0.0,1.0,0.0,0.0,0.0,1
1.0,1.0,0.0,0.0,0.0,0.0,1
1.0,1.0,0.0,0.0,0.0,0.0,1
0.5,1.0,0.0,0.0,0.0,0.0,1
0.3775999999999997,2.0,2.0,0.0,0.0,9.0,1
1.6049382716049378,3.0,1.0,0.0,0.0,0.0,1
4.0,0.0,0.0,0.0,0.0,0.0,1
1.0,1.0,0.0,0.0,0.0,0.0,1
42.0,317.0,0.0,0.0,0.0,0.0,1
1.0,1.0,0.0,0.0,0.0,0.0,1
1.2222222222222223,0.0,0.0,0.0,0.0,0.0,1
1.0,1.0,0.0,0.0,0.0,0.0,1
0.171875,1.0,0.0,0.0,0.0,0.0,1
0.1538461538461538,0.0,0.0,0.0,0.0,0.0,1
1.0,1.0,0.0,0.0,0.0,0.0,1
1.0,1.0,0.0,0.0,0.0,0.0,1
1.5454545454545454,5.0,6.0,0.0,0.0,2.0,1
0.8199445983379501,150.0,1.0,0.0,1.0,1.0,1
1.0,1.0,0.0,0.0,0.0,0.0,1
1.0,1.0,0.0,0.0,0.0,0.0,1
1.0,1.0,0.0,0.0,0.0,0.0,1
0.0,0.0,0.0,0.0,0.0,0.0,1
1.0,1.0,0.0,0.0,0.0,0.0,1
1.0,1.0,0.0,0.0,0.0,0.0,1
1.0,1.0,0.0,0.0,0.0,0.0,1
1.0,1.0,0.0,0.0,0.0,0.0,1
6.3125,0.0,1.0,0.0,0.0,1.0,1
0.7278106508875738,0.0,0.0,1.0,0.0,0.0,1
0.0,0.0,0.0,0.0,0.0,0.0,1
13.77777777777778,3.0,2.0,0.0,1.0,0.0,1
1.0,1.0,0.0,0.0,0.0,0.0,1
2.938775510204082,19.0,1.0,0.0,1.0,0.0,1
1.0,1.0,0.0,0.0,0.0,0.0,1
39.0,0.0,1.0,0.0,0.0,0.0,1
1.0,1.0,0.0,0.0,0.0,0.0,1
4.027777777777778,19.0,4.0,1.0,0.0,0.0,1
23.75,0.0,1.0,0.0,0.0,0.0,1
0.7633136094674555,1.0,4.0,1.0,0.0,8.0,1
1.0,1.0,0.0,0.0,0.0,0.0,1
6.840000000000001,0.0,1.0,0.0,0.0,0.0,1
3.069444444444444,6.0,1.0,0.0,2.0,1.0,1
0.4375,0.0,0.0,0.0,0.0,0.0,1
10.666666666666666,0.0,1.0,0.0,0.0,1.0,1
0.0,0.0,0.0,0.0,0.0,0.0,1
87.0,74.0,0.0,0.0,0.0,0.0,1
1.0,0.0,0.0,0.0,0.0,0.0,1
40.0,0.0,1.0,0.0,0.0,0.0,1
0.0,0.0,0.0,0.0,0.0,0.0,1
3.6326530612244894,35.0,0.0,0.0,0.0,0.0,1
1.0,1.0,0.0,0.0,0.0,0.0,1
1.0,1.0,0.0,0.0,0.0,0.0,1
0.0,0.0,0.0,0.0,0.0,0.0,1
0.1481481481481481,0.0,0.0,0.0,0.0,0.0,1
1.0,1.0,0.0,0.0,0.0,0.0,1
4.959183673469388,1.0,5.0,0.0,0.0,0.0,1
1.0,1.0,0.0,0.0,0.0,0.0,1
6.888888888888889,3.0,0.0,0.0,0.0,1.0,1
1.0,1.0,0.0,0.0,0.0,0.0,1
0.8199445983379501,150.0,1.0,0.0,1.0,1.0,1
31.0,0.0,1.0,0.0,0.0,0.0,1
27.5,0.0,1.0,0.0,0.0,0.0,1
1.0,1.0,0.0,0.0,0.0,0.0,1
1.0,1.0,0.0,0.0,0.0,0.0,1
1.0,1.0,0.0,0.0,0.0,0.0,1
0.6272189349112425,5.0,1.0,0.0,0.0,2.0,1
1.0,1.0,0.0,0.0,0.0,0.0,1
1.0,1.0,0.0,0.0,0.0,0.0,1
1.0,1.0,0.0,0.0,0.0,0.0,1
10.555555555555555,0.0,1.0,0.0,0.0,1.0,1
0.0,0.0,0.0,0.0,0.0,0.0,1
1.0,1.0,0.0,0.0,0.0,0.0,1
1.0,1.0,0.0,0.0,0.0,0.0,1
0.25,0.0,0.0,0.0,0.0,0.0,1
2.209876543209876,3.0,5.0,1.0,0.0,0.0,1
1.0,1.0,0.0,0.0,0.0,0.0,1
1.90625,0.0,1.0,0.0,0.0,0.0,1
6.9375,0.0,1.0,0.0,0.0,0.0,1
1.0,1.0,0.0,0.0,0.0,0.0,1
1.0,1.0,0.0,0.0,0.0,0.0,1
1.0,1.0,0.0,0.0,0.0,0.0,1
0.4375,1.0,0.0,0.0,0.0,1.0,1
4.0,0.0,0.0,0.0,0.0,0.0,1
1.0,1.0,0.0,0.0,0.0,0.0,1
1.0,1.0,0.0,0.0,0.0,0.0,1
1.0,1.0,0.0,0.0,0.0,0.0,1
1.0,1.0,0.0,0.0,0.0,0.0,1
1.3333333333333333,3.0,0.0,0.0,0.0,0.0,1
1.0,1.0,0.0,0.0,0.0,0.0,1
1.0,1.0,0.0,0.0,0.0,0.0,1
0.0,0.0,0.0,0.0,0.0,0.0,1
1.0,1.0,0.0,0.0,0.0,0.0,1
1.0,1.0,0.0,0.0,0.0,0.0,1
1.46,0.0,1.0,0.0,0.0,0.0,1
0.0,0.0,0.0,0.0,0.0,0.0,1
1.0,1.0,0.0,0.0,0.0,0.0,1
6.0625,0.0,1.0,0.0,0.0,1.0,1
3.319444444444445,38.0,2.0,0.0,-1.0,0.0,1
1.0,1.0,0.0,0.0,0.0,0.0,1
6.4,29.0,0.0,0.0,0.0,0.0,1
1.6049382716049378,3.0,1.0,0.0,0.0,0.0,1
1.0,1.0,0.0,0.0,0.0,0.0,1
0.7986111111111112,1.0,1.0,0.0,0.0,0.0,1
1.0,1.0,0.0,0.0,0.0,0.0,1
1.0,1.0,0.0,0.0,0.0,0.0,1
1.0,1.0,0.0,0.0,0.0,0.0,1
1.0,1.0,0.0,0.0,0.0,0.0,1
0.2040816326530611,0.0,0.0,0.0,0.0,0.0,1
1.0,1.0,0.0,0.0,0.0,0.0,1
1.5454545454545454,5.0,6.0,0.0,0.0,2.0,1
1.0,1.0,0.0,0.0,0.0,0.0,1
1.0,1.0,0.0,0.0,0.0,0.0,1
1.0,1.0,0.0,0.0,0.0,0.0,1
1.0,1.0,0.0,0.0,0.0,0.0,1
1.0,1.0,0.0,0.0,0.0,0.0,1
1.0,1.0,0.0,0.0,0.0,0.0,1
6.0625,0.0,1.0,0.0,0.0,1.0,1
1.020408163265306,129.0,0.0,0.0,0.0,0.0,1
1.0,1.0,0.0,0.0,0.0,0.0,1
39.0,0.0,1.0,0.0,0.0,0.0,1
17.666666666666668,5.0,3.0,0.0,0.0,1.0,1
0.0,0.0,0.0,0.0,0.0,0.0,1
25.25,0.0,1.0,0.0,0.0,0.0,1
37.0,0.0,1.0,0.0,0.0,0.0,1
0.0,0.0,0.0,0.0,0.0,0.0,1
1.0,1.0,0.0,0.0,0.0,0.0,1
37.5,0.0,1.0,2.0,0.0,0.0,1
1.0,1.0,0.0,0.0,0.0,0.0,1
0.1157024793388429,1.0,0.0,0.0,0.0,0.0,1
3.9375,18.0,0.0,0.0,0.0,0.0,1
0.0,0.0,0.0,0.0,0.0,0.0,1
1.0,1.0,0.0,0.0,0.0,0.0,1
0.0,0.0,0.0,0.0,0.0,0.0,1
1.0,1.0,0.0,0.0,0.0,0.0,1
0.0,0.0,0.0,0.0,0.0,0.0,1
5.9375,3.0,2.0,0.0,0.0,0.0,1
1.0,1.0,0.0,0.0,0.0,0.0,1
2.34375,0.0,4.0,0.0,1.0,0.0,1
0.0,0.0,0.0,0.0,0.0,0.0,1
1.6049382716049378,3.0,1.0,0.0,0.0,0.0,1
1.0,1.0,0.0,0.0,0.0,0.0,1
0.7633136094674555,1.0,4.0,1.0,0.0,8.0,1
40.0,0.0,1.0,0.0,0.0,0.0,1
37.0,0.0,1.0,0.0,0.0,0.0,1
1.0,1.0,0.0,0.0,0.0,0.0,1
0.0,0.0,0.0,0.0,0.0,0.0,1
1.0,1.0,0.0,0.0,0.0,0.0,1
37.0,0.0,1.0,0.0,0.0,0.0,1
1.0,1.0,0.0,0.0,0.0,0.0,1
1.41,2.0,1.0,1.0,0.0,0.0,1
1.0,1.0,0.0,0.0,0.0,0.0,1
0.3743999999999997,2.0,2.0,0.0,0.0,9.0,1
1.0,1.0,0.0,0.0,0.0,0.0,1
1.0,1.0,0.0,0.0,0.0,0.0,1
4.979591836734693,1.0,5.0,0.0,0.0,0.0,1
1.0,1.0,0.0,0.0,0.0,0.0,1
0.6666666666666666,0.0,0.0,0.0,0.0,0.0,1
0.5144628099173553,5.0,0.0,1.0,1.0,0.0,1
11.77777777777778,1.0,1.0,0.0,0.0,0.0,1
1.0,1.0,0.0,0.0,0.0,0.0,1
18.5,0.0,1.0,0.0,0.0,0.0,1
40.0,0.0,1.0,0.0,0.0,0.0,1
0.0,0.0,0.0,0.0,0.0,0.0,1
0.0,0.0,0.0,0.0,0.0,0.0,1
1.270408163265306,4.0,5.0,1.0,1.0,2.0,1
3.555555555555556,0.0,1.0,0.0,0.0,0.0,1
17.22222222222222,0.0,1.0,2.0,0.0,0.0,1
0.0,0.0,0.0,0.0,0.0,0.0,1
1.0,1.0,0.0,0.0,0.0,0.0,1
0.0991735537190082,1.0,0.0,0.0,0.0,0.0,1
1.0,1.0,0.0,0.0,0.0,0.0,1
1.41,49.0,0.0,0.0,1.0,0.0,1
4.611111111111112,2.0,2.0,0.0,1.0,1.0,1
1.0,1.0,0.0,0.0,0.0,0.0,1
1.25,0.0,0.0,0.0,0.0,0.0,1
1.0,1.0,0.0,0.0,0.0,0.0,1
1.0,1.0,0.0,0.0,0.0,0.0,1
0.1481481481481481,0.0,0.0,0.0,0.0,0.0,1
0.3456632653061228,2.0,2.0,0.0,0.0,9.0,1
2.6944444444444446,0.0,1.0,0.0,1.0,0.0,1
5.111111111111112,8.0,0.0,0.0,0.0,0.0,1
2.1604938271604937,3.0,5.0,1.0,0.0,0.0,1
1.0,1.0,0.0,0.0,0.0,0.0,1
1.2222222222222223,0.0,0.0,0.0,0.0,0.0,1
1.0,1.0,0.0,0.0,0.0,0.0,1
1.0,1.0,0.0,0.0,0.0,0.0,1
1.0,1.0,0.0,0.0,0.0,0.0,1
4.611111111111112,2.0,2.0,0.0,1.0,1.0,1
1.9132653061224487,25.0,1.0,0.0,0.0,0.0,1
37.5,0.0,1.0,2.0,0.0,0.0,1
0.537190082644628,32.0,0.0,0.0,0.0,0.0,1
1.0,1.0,0.0,0.0,0.0,0.0,1
1.0,1.0,0.0,0.0,0.0,0.0,1
1.0,1.0,0.0,0.0,0.0,0.0,1
1.8888888888888888,3.0,1.0,0.0,0.0,0.0,1
1.41,2.0,1.0,1.0,0.0,0.0,1
1.3703703703703702,3.0,5.0,0.0,0.0,1.0,1
1.3703703703703702,3.0,5.0,0.0,0.0,1.0,1
5.5625,0.0,1.0,0.0,0.0,0.0,1
1.0,1.0,0.0,0.0,0.0,0.0,1
1.0,1.0,0.0,0.0,0.0,0.0,1
1.0,1.0,0.0,0.0,0.0,0.0,1
1.0,1.0,0.0,0.0,0.0,0.0,1
1.0,1.0,0.0,0.0,0.0,0.0,1
1.0,1.0,0.0,0.0,0.0,0.0,1
1.0,1.0,0.0,0.0,0.0,0.0,1
10.444444444444445,3.0,2.0,0.0,0.0,0.0,1
1.0,1.0,0.0,0.0,0.0,0.0,1
1.0,1.0,0.0,0.0,0.0,0.0,1
1.0,1.0,0.0,0.0,0.0,0.0,1
1.0,1.0,0.0,0.0,0.0,0.0,1
1.0,1.0,0.0,0.0,0.0,0.0,1
1.0,1.0,0.0,0.0,0.0,0.0,1
1.0,1.0,0.0,0.0,0.0,0.0,1
1.0,1.0,0.0,0.0,0.0,0.0,1
1.0,1.0,0.0,0.0,0.0,0.0,1
1.0,1.0,0.0,0.0,0.0,0.0,1
1.0,1.0,0.0,0.0,0.0,0.0,1
1.0,1.0,0.0,0.0,0.0,0.0,1
1.0,1.0,0.0,0.0,0.0,0.0,1
1.0,1.0,0.0,0.0,0.0,0.0,1
1.0,1.0,0.0,0.0,0.0,0.0,1
1.0,1.0,0.0,0.0,0.0,0.0,1
1.0,1.0,0.0,0.0,0.0,0.0,1
1.0,1.0,0.0,0.0,0.0,0.0,1
1.0,1.0,0.0,0.0,0.0,0.0,1
1.0,1.0,0.0,0.0,0.0,0.0,1
1.0,1.0,0.0,0.0,0.0,0.0,1
1.0,1.0,0.0,0.0,0.0,0.0,1
1.0,1.0,0.0,0.0,0.0,0.0,1
1.0,1.0,0.0,0.0,0.0,0.0,1
1.0,1.0,0.0,0.0,0.0,0.0,1
1.0,1.0,0.0,0.0,0.0,0.0,1
1.0,1.0,0.0,0.0,0.0,0.0,1
1.0,1.0,0.0,0.0,0.0,0.0,1
1.0,1.0,0.0,0.0,0.0,0.0,1
1.0,1.0,0.0,0.0,0.0,0.0,1
1.0,1.0,0.0,0.0,0.0,0.0,1
1.0,1.0,0.0,0.0,0.0,0.0,1
40.0,0.0,1.0,0.0,0.0,0.0,1
3.6666666666666665,0.0,1.0,0.0,0.0,0.0,1
32.0,0.0,1.0,0.0,0.0,0.0,1
4.0,0.0,0.0,0.0,0.0,0.0,1
4.0,0.0,0.0,0.0,0.0,0.0,1
40.0,0.0,1.0,0.0,0.0,0.0,1
40.0,0.0,1.0,0.0,0.0,0.0,1
4.0,0.0,0.0,0.0,0.0,0.0,1
32.0,0.0,1.0,0.0,0.0,0.0,1
40.0,0.0,1.0,0.0,0.0,0.0,1
32.0,0.0,1.0,0.0,0.0,0.0,1
40.0,0.0,1.0,0.0,0.0,0.0,1
0.0,0.0,0.0,0.0,0.0,0.0,1
1.4444444444444444,0.0,0.0,0.0,0.0,0.0,1
24.0,0.0,1.0,0.0,0.0,0.0,1
14.5,0.0,0.0,0.0,0.0,0.0,1
2.0,0.0,0.0,0.0,0.0,0.0,1
0.0,0.0,0.0,0.0,0.0,0.0,1
1.75,0.0,0.0,0.0,0.0,0.0,1
0.729591836734694,0.0,0.0,0.0,0.0,1.0,1
0.0,0.0,0.0,0.0,0.0,0.0,1
1.512396694214876,0.0,1.0,0.0,0.0,0.0,1
0.0,0.0,0.0,0.0,0.0,0.0,1
2.0,0.0,0.0,0.0,0.0,0.0,1
1.0,0.0,0.0,0.0,0.0,0.0,1
24.0,0.0,1.0,0.0,0.0,0.0,1
37.0,0.0,1.0,0.0,0.0,0.0,1
0.0,0.0,0.0,0.0,0.0,0.0,1
1.5555555555555556,0.0,0.0,0.0,0.0,0.0,1
1.4444444444444444,0.0,0.0,0.0,0.0,0.0,1
1.4444444444444444,0.0,0.0,0.0,0.0,0.0,1
28.5,0.0,1.0,0.0,0.0,0.0,1
42.75,1.0,1.0,0.0,0.0,0.0,1
24.5,0.0,0.0,0.0,0.0,0.0,1
34.75,0.0,1.0,0.0,0.0,0.0,1
49.5,3.0,1.0,0.0,0.0,0.0,1
9.999999999999998,0.0,1.0,0.0,0.0,0.0,1
6.875,0.0,1.0,0.0,0.0,0.0,1
15.333333333333334,0.0,1.0,0.0,0.0,0.0,1
89.0,0.0,1.0,0.0,0.0,0.0,1
4.92,1.0,1.0,0.0,0.0,0.0,1
7.5625,1.0,1.0,0.0,0.0,0.0,1
6.875,0.0,1.0,0.0,0.0,0.0,1
9.6875,3.0,1.0,0.0,0.0,0.0,1
22.5,1.0,1.0,0.0,0.0,0.0,1
13.555555555555555,1.0,1.0,0.0,0.0,0.0,1
7.6875,2.0,1.0,0.0,0.0,0.0,1
10.5,2.0,2.0,0.0,0.0,0.0,1
4.48,1.0,1.0,1.0,0.0,0.0,1
1.0,1.0,0.0,0.0,0.0,0.0,1
1.0,1.0,0.0,0.0,0.0,0.0,1
1.0,1.0,0.0,0.0,0.0,0.0,1
1.9444444444444444,19.0,1.0,0.0,0.0,1.0,1
2.083333333333333,20.0,1.0,0.0,0.0,1.0,1
1.0826446280991735,8.0,3.0,0.0,1.0,1.0,1
1.0826446280991735,8.0,3.0,0.0,1.0,1.0,1
1.0826446280991735,8.0,3.0,0.0,1.0,1.0,1
1.0826446280991735,8.0,3.0,0.0,1.0,1.0,1
1.0826446280991735,8.0,3.0,0.0,1.0,1.0,1
1.0826446280991735,8.0,3.0,0.0,1.0,1.0,1
1.0,1.0,0.0,0.0,0.0,0.0,1
109.0,86.0,0.0,0.0,0.0,0.0,1
121.0,93.0,0.0,0.0,0.0,0.0,1
113.0,89.0,0.0,0.0,0.0,0.0,1
123.0,94.0,0.0,0.0,0.0,0.0,1
7.125,25.0,0.0,1.0,1.0,0.0,1
1.0,1.0,0.0,0.0,0.0,0.0,1
1.8571428571428572,26.0,1.0,0.0,0.0,1.0,1
1.0,1.0,0.0,0.0,0.0,0.0,1
1.8571428571428572,26.0,1.0,0.0,0.0,1.0,1
71.0,0.0,1.0,0.0,0.0,0.0,1
1.8571428571428572,26.0,1.0,0.0,0.0,1.0,1
1.0,1.0,0.0,0.0,0.0,0.0,1
7.125,25.0,0.0,1.0,1.0,0.0,1
1.8571428571428572,26.0,1.0,0.0,0.0,1.0,1
2.485207100591716,46.0,1.0,2.0,1.0,0.0,1
3.25,2.0,0.0,0.0,0.0,0.0,1
2.485207100591716,46.0,1.0,2.0,1.0,0.0,1
1.0,1.0,0.0,0.0,0.0,0.0,1
3.25,2.0,0.0,0.0,0.0,0.0,1
2.485207100591716,46.0,1.0,2.0,1.0,0.0,1
0.0,0.0,0.0,0.0,0.0,0.0,1
2.485207100591716,46.0,1.0,2.0,1.0,0.0,1
3.25,2.0,0.0,0.0,0.0,0.0,1
1.8571428571428572,26.0,1.0,0.0,0.0,1.0,1
1.0,1.0,0.0,0.0,0.0,0.0,1
1.8571428571428572,26.0,1.0,0.0,0.0,1.0,1
0.0,0.0,0.0,0.0,0.0,0.0,1
3.25,2.0,0.0,0.0,0.0,0.0,1
1.8571428571428572,26.0,1.0,0.0,0.0,1.0,1
2.083333333333333,20.0,1.0,0.0,0.0,1.0,1
2.305555555555556,20.0,1.0,0.0,0.0,1.0,1
1.9444444444444444,19.0,1.0,0.0,0.0,1.0,1
2.305555555555556,20.0,1.0,0.0,0.0,1.0,1
2.305555555555556,20.0,1.0,0.0,0.0,1.0,1
0.0,0.0,0.0,0.0,0.0,0.0,1
0.0,0.0,0.0,0.0,0.0,0.0,1
0.0,0.0,0.0,0.0,0.0,0.0,1
1.0,1.0,0.0,0.0,0.0,0.0,1
1.11531190926276,37.0,2.0,1.0,-1.0,0.0,1
0.8133333333333332,0.0,0.0,1.0,0.0,0.0,1
2.9506172839506166,2.0,3.0,0.0,0.0,0.0,1
0.8133333333333332,0.0,0.0,1.0,0.0,0.0,1
