Persistant,Backup,PercentageKeyOpen,PercentageKeyClosed,PercentageCreated,PercentageKeyUnique,label
0,0,0,0,0,0,1
8,0,22,0,0,24,1
139,0,34,0,1,4,1
16,0,29,0,0,61,1
2,0,78,0,0,85,1
4,0,38,0,0,48,1
0,0,38,0,0,45,1
4,0,38,0,0,48,1
4,0,38,0,0,48,1
50,0,20,0,0,52,1
0,0,40,0,0,40,1
0,0,61,0,0,68,1
8,0,17,0,3,61,1
35,0,17,0,3,60,1
8,0,17,0,3,62,1
8,0,17,0,3,62,1
760,0,18,0,3,15,1
921,0,17,0,3,13,1
1778,0,36,0,1,10,1
6,0,36,0,0,55,1
13,0,22,0,9,71,1
0,0,43,0,0,45,1
0,0,34,0,0,36,1
0,0,38,0,0,38,1
0,0,38,0,0,38,1
0,0,38,0,0,38,1
8,0,23,0,0,26,1
0,0,45,0,0,44,1
139,0,23,0,0,37,1
36,0,22,0,0,22,1
132,0,44,0,0,27,1
118,0,43,0,0,29,1
39,0,37,0,0,32,1
39,0,37,0,0,32,1
0,0,40,0,0,80,1
39,0,37,0,0,32,1
4,0,26,0,7,19,1
116,0,23,0,0,61,1
0,0,33,0,0,37,1
19,0,20,0,0,67,1
19,0,20,0,0,67,1
5,0,32,0,0,55,1
5,0,32,0,0,55,1
5,0,32,0,0,55,1
2,0,31,0,3,36,1
0,0,38,0,0,38,1
2,0,25,0,0,50,1
0,0,38,0,0,38,1
0,0,33,0,0,67,1
0,0,40,0,0,40,1
0,0,40,0,0,40,1
0,0,40,0,0,40,1
0,0,43,0,0,45,1
29,0,50,0,0,55,1
42,0,40,0,0,11,1
2,0,36,0,0,53,1
0,0,0,0,0,0,1
336,0,29,0,0,25,1
7,0,33,0,1,24,1
806,0,27,0,0,17,1
806,0,27,0,0,17,1
2,0,56,0,0,75,1
0,0,44,0,0,59,1
39,0,19,0,0,69,1
339,0,48,0,0,22,1
6,0,47,0,0,12,1
0,0,61,0,0,67,1
0,0,33,0,0,67,1
0,0,0,0,0,0,1
0,0,43,0,0,86,1
0,0,43,0,0,86,1
5,0,32,0,0,55,1
0,0,0,0,0,0,1
4,0,50,0,0,58,1
0,0,34,0,0,36,1
4,0,33,0,0,62,1
2,0,58,0,0,74,1
2,0,50,0,0,50,1
0,0,67,0,0,67,1
7,0,27,0,0,31,1
100,0,26,0,0,61,1
8,0,56,0,3,69,1
0,0,67,0,0,67,1
2,0,41,0,2,71,1
0,0,40,0,0,40,1
708,0,44,0,0,1,1
0,0,91,0,0,16,1
0,0,0,0,0,0,1
0,0,67,0,0,54,1
1,0,54,0,0,54,1
34,0,18,0,0,75,1
0,0,50,0,0,81,1
0,0,50,0,0,81,1
0,0,0,0,0,0,1
330,0,46,0,0,3,1
0,0,0,0,0,0,1
36,0,48,0,1,14,1
6,0,19,0,0,70,0
0,0,19,0,0,70,0
6,0,20,0,0,61,0
0,0,20,0,0,62,0
6,0,19,0,0,70,0
2,0,25,0,1,44,0
0,0,43,0,0,45,0
24,0,31,0,1,35,0
0,0,20,0,0,62,0
6,0,19,0,0,70,0
6,0,20,0,0,62,0
6,0,20,0,0,62,0
6,0,19,0,0,71,0
6,0,20,0,0,62,0
6,0,20,0,0,62,0
6,0,20,0,0,62,0
6,0,20,0,0,62,0
6,0,19,0,0,71,0
6,0,20,0,0,62,0
6,0,20,0,0,62,0
2,0,20,0,0,62,0
6,0,19,0,0,70,0
6,0,19,0,0,70,0
6,0,19,0,0,70,0
6,0,19,0,0,70,0
6,0,19,0,0,71,0
6,0,19,0,0,71,0
6,0,20,0,0,62,0
6,0,20,0,0,62,0
6,0,19,0,0,71,0
0,0,21,0,0,62,0
6,0,19,0,0,70,0
6,0,20,0,0,62,0
6,0,20,0,0,62,0
6,0,19,0,0,70,0
6,0,21,0,0,62,0
0,0,20,0,0,61,0
0,0,20,0,0,62,0
0,0,18,0,0,71,0
0,0,20,0,0,62,0
6,0,21,0,0,62,0
6,0,19,0,0,70,0
6,0,20,0,0,62,0
0,0,20,0,0,62,0
0,0,20,0,0,62,0
6,0,21,0,0,61,0
6,0,18,0,0,71,0
6,0,20,0,0,62,0
6,0,21,0,0,62,0
0,0,20,0,0,62,0
0,0,20,0,0,62,0
6,0,20,0,0,61,0
6,0,20,0,0,62,0
6,0,20,0,0,62,0
0,0,20,0,0,62,0
0,0,20,0,0,62,0
0,0,20,0,0,62,0
6,0,20,0,0,62,0
6,0,21,0,0,62,0
6,0,19,0,0,71,0
6,0,21,0,0,62,0
0,0,19,0,0,70,0
6,0,20,0,0,62,0
6,0,20,0,0,62,0
0,0,20,0,0,62,0
0,0,19,0,0,70,0
6,0,20,0,0,62,0
0,0,20,0,0,61,0
0,0,19,0,0,70,0
0,0,20,0,0,62,0
0,0,19,0,0,70,0
6,0,20,0,0,62,0
0,0,20,0,0,62,0
0,0,19,0,0,70,0
0,0,19,0,0,70,0
0,0,19,0,0,70,0
6,0,19,0,0,70,0
6,0,20,0,0,61,0
6,0,19,0,0,70,0
0,0,19,0,0,70,0
0,0,19,0,0,70,0
6,0,19,0,0,70,0
6,0,20,0,0,62,0
6,0,20,0,0,62,0
0,0,19,0,0,70,0
6,0,21,0,0,62,0
6,0,21,0,0,62,0
6,0,21,0,0,62,0
6,0,20,0,0,62,0
6,0,20,0,0,62,0
0,0,21,0,0,62,0
0,0,20,0,0,62,0
6,0,21,0,0,62,0
0,0,20,0,0,62,0
6,0,20,0,0,62,0
0,0,19,0,0,70,0
0,0,20,0,0,62,0
0,0,20,0,0,62,0
6,0,21,0,0,62,0
6,0,21,0,0,62,0
0,0,20,0,0,62,0
6,0,20,0,0,62,0
6,0,21,0,0,62,0
6,0,19,0,0,70,0
6,0,19,0,0,70,0
6,0,21,0,0,62,0
6,0,21,0,0,62,0
0,0,21,0,0,62,0
0,0,20,0,0,62,0
6,0,20,0,0,62,0
6,0,20,0,0,61,0
6,0,20,0,0,62,0
0,0,20,0,0,33,0
6,0,19,0,0,70,0
6,0,20,0,0,62,0
6,0,21,0,0,62,0
6,0,19,0,0,70,0
6,0,20,0,0,61,0
6,0,21,0,0,61,0
6,0,20,0,0,62,0
6,0,20,0,0,62,0
6,0,20,0,0,62,0
6,0,20,0,0,62,0
6,0,20,0,0,62,0
6,0,20,0,0,62,0
6,0,20,0,0,62,0
6,0,20,0,0,62,0
0,0,20,0,0,62,0
0,0,19,0,0,70,0
6,0,20,0,0,62,0
6,0,20,0,0,62,0
6,0,20,0,0,62,0
6,0,21,0,0,61,0
6,0,20,0,0,62,0
6,0,21,0,0,62,0
0,0,19,0,0,70,0
6,0,20,0,0,61,0
0,0,20,0,0,62,0
6,0,20,0,0,62,0
0,0,19,0,0,70,0
0,0,19,0,0,70,0
6,0,20,0,0,62,0
6,0,20,0,0,62,0
0,0,20,0,0,62,0
6,0,21,0,0,62,0
6,0,19,0,0,70,0
6,0,19,0,0,70,0
0,0,20,0,0,62,0
0,0,19,0,0,70,0
0,0,20,0,0,62,0
6,0,19,0,0,70,0
6,0,20,0,0,62,0
6,0,20,0,0,62,0
6,0,20,0,0,62,0
6,0,20,0,0,62,0
6,0,20,0,0,62,0
6,0,20,0,0,62,0
6,0,19,0,0,70,0
0,0,20,0,0,62,0
0,0,20,0,0,62,0
6,0,20,0,0,62,0
6,0,21,0,0,62,0
6,0,21,0,0,62,0
6,0,20,0,0,62,0
0,0,20,0,0,62,0
6,0,21,0,0,62,0
8,0,18,0,0,71,0
0,0,19,0,0,70,0
6,0,20,0,0,62,0
6,0,21,0,0,62,0
6,0,19,0,0,70,0
6,0,19,0,0,71,0
6,0,20,0,0,62,0
6,0,20,0,0,62,0
0,0,19,0,0,70,0
0,0,19,0,0,70,0
6,0,21,0,0,62,0
6,0,20,0,0,62,0
6,0,20,0,0,62,0
6,0,19,0,0,70,0
6,0,19,0,0,71,0
6,0,20,0,0,62,0
0,0,19,0,0,70,0
6,0,21,0,0,62,0
6,0,20,0,0,62,0
0,0,19,0,0,70,0
6,0,21,0,0,62,0
6,0,20,0,0,62,0
6,0,20,0,0,62,0
6,0,20,0,0,62,0
6,0,20,0,0,62,0
6,0,20,0,0,62,0
6,0,19,0,0,70,0
0,0,21,0,0,62,0
6,0,21,0,0,62,0
6,0,19,0,0,71,0
6,0,19,0,0,71,0
6,0,20,0,0,62,0
6,0,21,0,0,62,0
6,0,19,0,0,70,0
0,0,20,0,0,62,0
6,0,20,0,0,62,0
0,0,20,0,0,62,0
6,0,18,0,0,71,0
6,0,21,0,0,62,0
0,0,19,0,0,70,0
0,0,20,0,0,62,0
6,0,20,0,0,61,0
6,0,20,0,0,62,0
6,0,20,0,0,62,0
6,0,20,0,0,61,0
6,0,20,0,0,62,0
0,0,19,0,0,70,0
0,0,19,0,0,70,0
6,0,19,0,0,71,0
0,0,21,0,0,62,0
6,0,20,0,0,62,0
0,0,19,0,0,70,0
0,0,20,0,0,62,0
6,0,19,0,0,70,0
6,0,20,0,0,62,0
6,0,19,0,0,70,0
0,0,20,0,0,62,0
0,0,20,0,0,62,0
0,0,19,0,0,70,0
6,0,20,0,0,62,0
6,0,19,0,0,70,0
6,0,21,0,0,62,0
6,0,19,0,0,70,0
0,0,21,0,0,62,0
6,0,19,0,0,71,0
6,0,19,0,0,70,0
6,0,20,0,0,62,0
6,0,20,0,0,62,0
6,0,18,0,0,71,0
6,0,20,0,0,62,0
6,0,20,0,0,61,0
6,0,19,0,0,70,0
6,0,19,0,0,70,0
6,0,19,0,0,70,0
6,0,21,0,0,62,0
0,0,20,0,0,62,0
0,0,19,0,0,70,0
6,0,23,0,1,55,0
0,0,19,0,0,70,0
6,0,19,0,0,70,0
6,0,21,0,0,62,0
6,0,19,0,0,70,0
6,0,20,0,0,62,0
6,0,19,0,0,70,0
0,0,19,0,0,70,0
0,0,20,0,0,62,0
0,0,19,0,0,70,0
0,0,19,0,0,70,0
6,0,19,0,0,71,0
6,0,21,0,0,62,0
6,0,21,0,0,62,0
6,0,21,0,0,62,0
6,0,21,0,0,62,0
6,0,20,0,0,62,0
6,0,19,0,0,70,0
6,0,19,0,0,70,0
6,0,20,0,0,62,0
0,0,20,0,0,62,0
6,0,21,0,0,62,0
6,0,19,0,0,70,0
0,0,21,0,0,62,0
0,0,20,0,0,62,0
6,0,19,0,0,71,0
0,0,19,0,0,70,0
0,0,20,0,0,62,0
0,0,21,0,0,62,0
6,0,21,0,0,62,0
0,0,20,0,0,62,0
6,0,20,0,0,62,0
0,0,20,0,0,62,0
6,0,21,0,0,62,0
6,0,19,0,0,71,0
0,0,19,0,0,70,0
6,0,19,0,0,71,0
0,0,21,0,0,62,0
6,0,19,0,0,71,0
0,0,19,0,0,70,0
0,0,0,0,0,0,1
87,0,34,0,0,2,1
85,0,35,0,0,2,1
87,0,34,0,0,2,1
0,0,0,0,0,0,1
2,0,33,0,1,3,1
8,0,17,0,3,62,1
8,0,17,0,3,62,1
8,0,17,0,3,62,1
8,0,17,0,3,63,1
31,0,19,0,0,69,1
8,0,19,0,1,67,1
33,0,18,0,2,65,1
8,0,18,0,3,63,1
8,0,19,0,1,65,1
8,0,17,0,3,63,1
8,0,17,0,4,60,1
0,0,0,0,0,0,1
4,0,38,0,0,48,1
0,0,38,0,0,45,1
0,0,38,0,0,45,1
4,0,38,0,0,48,1
69,0,25,0,0,35,1
0,0,0,0,0,0,1
4,0,33,0,0,62,1
446,0,37,0,1,16,1
2,0,50,0,0,50,1
2,0,56,0,0,67,1
2,0,60,0,0,70,1
2,0,50,0,0,50,1
2,0,56,0,0,67,1
333,0,29,0,0,25,1
2,0,53,0,0,53,1
66,0,3,0,23,1,1
806,0,27,0,0,17,1
802,0,27,0,0,17,1
806,0,27,0,0,17,1
0,0,67,0,0,67,1
0,0,61,0,0,78,1
0,0,0,0,0,0,1
0,0,67,0,0,67,1
0,0,0,0,0,0,1
0,0,67,0,0,67,1
0,0,67,0,0,67,1
0,0,67,0,0,67,1
8,0,56,0,3,69,1
0,0,67,0,0,67,1
37,0,38,0,0,32,1
39,0,36,0,0,34,1
39,0,37,0,0,32,1
39,0,37,0,0,32,1
31,0,36,0,0,64,1
28,0,35,0,0,66,1
39,0,37,0,0,32,1
31,0,33,0,0,38,1
0,0,50,0,0,79,1
0,0,0,0,0,0,1
0,0,50,0,0,79,1
0,0,50,0,0,79,1
0,0,40,0,0,40,1
0,0,40,0,0,40,1
0,0,40,0,0,40,1
0,0,40,0,0,40,1
0,0,40,0,0,40,1
0,0,43,0,0,57,1
0,0,33,0,0,67,1
0,0,34,0,0,36,1
0,0,38,0,0,38,1
0,0,0,0,0,0,1
32,0,20,0,0,70,1
0,0,33,0,0,67,1
36,0,37,0,0,17,1
1287,0,16,0,3,10,1
1287,0,16,0,3,10,1
1124,0,17,0,3,11,1
1287,0,16,0,3,10,1
1287,0,16,0,3,10,1
2,0,36,0,0,64,1
8,0,33,0,3,39,1
943,0,17,0,3,13,1
1287,0,16,0,3,10,1
0,0,43,0,0,45,1
0,0,34,0,0,36,1
0,0,43,0,0,45,1
0,0,43,0,0,45,1
0,0,34,0,0,36,1
0,0,43,0,0,45,1
38,0,20,0,1,68,1
0,0,38,0,0,38,1
0,0,38,0,0,38,1
0,0,38,0,0,38,1
0,0,40,0,0,80,1
0,0,40,0,0,80,1
0,0,43,0,0,86,1
0,0,38,0,0,38,1
2,0,43,0,0,51,1
0,0,40,0,0,80,1
34,0,18,0,0,75,1
34,0,39,0,0,46,1
32,0,27,0,0,30,1
2,0,54,0,0,64,1
80,0,44,0,0,34,1
0,0,40,0,0,40,1
18,0,50,0,0,39,1
0,0,33,0,0,67,1
33,0,33,0,0,53,1
57,0,42,0,2,50,1
22,0,36,0,8,44,1
74,0,36,0,2,12,1
22,0,36,0,8,44,1
0,0,0,0,0,0,1
2,0,53,0,0,69,1
0,0,0,0,0,0,1
0,0,0,0,0,0,1
0,0,0,0,0,0,1
0,0,0,0,0,0,1
0,0,0,0,0,0,1
0,0,40,0,0,80,1
0,0,14,0,32,59,1
0,2,31,0,1,33,1
0,0,40,0,0,40,1
0,0,0,0,0,0,1
0,0,14,0,32,59,1
0,0,63,0,0,67,1
2,0,57,0,0,72,1
0,0,44,0,0,62,1
0,0,44,0,0,59,1
7,0,28,0,0,24,1
0,0,40,0,0,40,1
0,0,31,0,0,36,1
8,0,52,0,0,7,1
2,0,31,0,0,86,1
0,0,38,0,0,38,1
2,0,57,0,0,38,1
0,0,20,0,0,40,1
0,0,33,0,0,67,1
142,0,33,0,0,29,1
0,0,0,0,0,0,1
350,0,30,0,0,12,1
0,0,23,0,7,16,1
537,0,31,0,0,8,1
50,0,34,0,1,49,1
18,0,30,0,4,46,1
0,0,0,0,0,0,1
38,0,20,0,0,68,1
22,0,20,0,0,70,1
22,0,19,0,0,70,1
22,0,19,0,0,70,1
22,0,19,0,0,70,1
22,0,19,0,0,70,1
22,0,19,0,0,70,1
6,0,27,0,0,30,1
12,0,60,0,0,73,1
0,0,0,0,0,0,1
0,0,44,0,0,56,1
0,0,0,0,0,0,1
18,0,42,0,0,25,1
0,0,0,0,0,0,1
6,0,61,0,0,37,1
5,0,33,0,1,34,1
0,0,43,0,1,52,1
6,0,37,0,0,31,1
0,0,40,0,0,40,1
0,0,61,0,0,68,1
8,0,51,0,0,67,1
18,0,56,0,0,60,1
0,0,56,0,0,84,1
2,0,60,0,0,64,1
8,0,51,0,0,68,1
10,0,57,0,0,40,1
34,0,38,0,0,35,1
6,0,53,0,0,63,1
137,0,24,0,0,37,1
4,0,65,0,0,43,1
146,0,24,0,0,37,1
4,0,67,0,0,48,1
2,0,32,0,0,83,1
5,0,32,0,0,55,1
0,0,0,0,0,0,1
0,0,0,0,0,0,1
0,0,0,0,0,0,1
0,0,33,0,0,67,1
0,0,0,0,0,0,1
0,0,0,0,0,0,1
35,0,33,0,0,53,1
0,0,33,0,0,67,1
0,0,0,0,0,0,1
6,0,17,0,0,76,1
0,0,50,0,0,78,1
7,0,28,0,3,50,1
2,0,35,0,0,40,1
0,0,34,0,0,36,1
0,0,38,0,0,38,1
0,0,43,0,0,45,1
0,0,43,0,0,45,1
0,0,34,0,0,36,1
7,0,28,0,1,24,1
0,0,0,0,0,0,1
2,0,43,0,0,86,1
0,0,58,0,0,79,1
6,0,19,0,0,70,1
6,0,29,0,0,56,1
0,0,62,0,0,88,1
0,0,0,0,0,0,1
0,0,62,0,0,88,1
0,0,0,0,0,0,1
31,0,48,0,1,35,1
0,0,33,0,3,38,1
0,0,0,0,0,0,1
0,0,0,0,0,0,1
0,0,0,0,0,0,1
0,0,28,0,3,31,0
150,0,21,0,4,17,0
10,0,30,0,1,30,0
23,0,30,0,0,25,0
15,0,32,0,1,21,0
11,0,27,0,1,30,0
19,0,30,0,1,26,0
6,0,31,0,1,32,0
6,0,21,0,0,60,0
0,0,33,0,1,41,0
62,0,34,0,0,30,0
6,0,21,0,0,62,0
446,4,45,0,0,16,0
11,0,28,0,1,30,0
43,0,27,0,1,32,0
51,0,36,0,1,40,0
14,0,26,0,1,30,0
47,1232,25,0,3,25,0
0,0,32,0,0,24,0
605,0,25,0,1,30,0
22,0,28,0,2,23,0
15,0,18,0,11,22,0
114,2,31,0,4,27,0
0,0,38,0,0,38,1
0,0,30,0,0,29,1
0,0,40,0,0,40,1
0,0,38,0,0,38,1
0,0,38,0,0,38,1
0,0,64,0,0,55,1
0,0,40,0,0,40,1
0,0,0,0,0,0,1
0,0,43,0,0,86,1
0,0,33,0,0,67,1
0,0,33,0,0,67,1
0,0,43,0,0,45,1
0,0,60,0,0,71,1
0,0,93,0,0,11,1
0,0,20,0,0,62,0
6,0,20,0,0,62,0
0,0,20,0,0,62,0
0,0,19,0,0,70,0
0,0,20,0,0,62,0
0,0,20,0,0,62,0
6,0,20,0,0,62,0
0,0,19,0,0,70,0
6,0,20,0,0,62,0
6,0,20,0,0,62,0
0,0,20,0,0,62,0
0,0,33,0,0,67,1
0,0,9,0,0,12,1
0,0,8,0,0,12,1
0,0,16,0,22,20,1
0,0,34,0,0,36,1
2,0,66,0,0,83,1
0,0,36,0,0,73,1
24,0,40,0,0,48,1
24,0,39,0,0,49,1
0,0,42,0,0,75,1
24,0,40,0,0,48,1
0,0,0,0,0,0,1
6,0,20,0,0,30,0
0,0,99,0,0,5,1
0,0,0,0,0,0,0
0,0,38,0,0,38,1
0,0,94,0,0,10,1
0,0,19,0,0,70,0
0,0,33,0,0,67,1
0,0,7,0,0,8,1
26,0,41,0,0,52,1
24,0,40,0,0,48,1
0,0,46,0,0,62,1
0,0,34,0,0,36,1
0,0,0,0,0,0,1
0,0,0,0,0,0,1
0,0,0,0,0,0,1
0,0,38,0,0,38,1
0,0,38,0,0,38,1
0,0,43,0,0,45,1
0,0,38,0,0,38,1
0,0,43,0,0,45,1
348,0,24,0,0,18,1
0,0,38,0,0,38,1
0,0,38,0,0,41,1
0,0,38,0,0,38,1
0,0,38,0,0,38,1
348,0,24,0,0,18,1
0,0,38,0,0,38,1
2,0,33,0,8,67,1
0,0,0,0,0,0,1
0,0,0,0,0,0,1
2,0,33,0,8,67,1
0,0,0,0,0,0,1
0,0,0,0,0,0,1
0,0,0,0,0,0,1
0,0,0,0,0,0,1
2,0,33,0,8,67,1
2,0,33,0,8,67,1
2,0,33,0,8,67,1
2,0,33,0,8,67,1
33,0,18,0,2,65,1
33,0,11,0,12,34,1
8,0,17,0,3,62,1
8,0,16,0,4,58,1
33,0,18,0,2,63,1
8,0,17,0,3,62,1
33,0,16,0,5,55,1
33,0,19,0,0,69,1
8,0,17,0,3,61,1
8,0,17,0,4,60,1
33,0,17,0,4,58,1
100,0,42,0,1,27,1
2,0,38,0,0,73,1
835,0,33,0,0,21,1
0,0,0,0,0,0,1
0,0,44,0,0,59,1
0,0,38,0,4,43,1
0,0,0,0,0,0,1
0,0,40,0,0,40,1
12,0,28,0,1,18,1
0,0,40,0,0,40,1
0,0,40,0,0,40,1
0,0,0,0,0,0,1
0,0,40,0,0,40,1
12,0,28,0,0,20,1
12,0,28,0,1,18,1
0,0,57,0,0,30,1
0,0,57,0,0,30,1
0,0,57,0,0,30,1
0,0,57,0,0,30,1
0,0,57,0,0,30,1
0,0,57,0,0,30,1
0,0,44,0,0,59,1
0,0,44,0,0,59,1
0,0,50,0,0,58,1
0,0,44,0,0,59,1
0,0,44,0,0,59,1
0,0,44,0,0,59,1
0,0,50,0,0,58,1
0,0,44,0,0,59,1
0,0,95,0,0,8,1
4,0,36,0,0,44,1
8,0,41,0,0,51,1
0,0,0,0,0,0,1
8,0,41,0,0,51,1
4,0,52,0,1,39,1
0,0,50,0,0,72,1
4,0,58,0,2,39,1
0,0,43,0,0,45,1
0,0,0,0,0,0,1
0,0,34,0,0,36,1
0,0,38,0,0,38,1
0,0,46,0,0,67,1
0,0,46,0,0,67,1
0,0,46,0,0,67,1
0,0,38,0,0,38,1
2,0,27,0,0,43,1
56,0,29,0,1,37,1
0,0,34,0,0,36,1
0,0,43,0,0,45,1
0,0,34,0,0,36,1
4,0,27,0,1,43,1
0,0,43,0,0,45,1
0,0,43,0,0,45,1
2,0,52,0,4,84,1
2,0,45,0,9,82,1
5,0,26,0,2,34,1
0,0,33,0,0,67,1
0,0,35,0,2,44,1
0,0,38,0,0,38,1
0,0,38,0,0,38,1
0,0,43,0,0,45,1
0,0,34,0,0,36,1
0,0,34,0,0,36,1
0,0,43,0,0,45,1
146,0,25,0,0,30,1
23,0,23,0,0,39,1
0,0,34,0,0,36,1
0,0,33,0,0,67,1
0,0,33,0,0,67,1
162,0,56,0,0,1,1
2,0,50,0,0,50,1
4,0,39,0,0,72,1
2,0,56,0,0,67,1
0,0,33,0,0,67,1
2,0,50,0,0,50,1
4,0,39,0,0,72,1
0,0,33,0,0,67,1
0,0,47,0,0,47,1
0,0,34,0,0,36,1
0,0,38,0,0,38,1
333,0,24,0,1,43,1
0,0,51,0,0,47,1
0,0,43,0,0,45,1
1463,0,28,0,0,37,1
0,0,42,0,0,39,1
314,0,25,0,1,37,1
6,0,18,0,1,39,1
314,0,25,0,1,35,1
314,0,25,0,1,37,1
19,0,26,0,17,44,1
730,0,17,0,2,31,1
8,0,19,0,2,55,1
8,0,36,0,1,22,1
314,0,25,0,2,37,1
0,0,38,0,0,38,1
0,0,43,0,0,45,1
0,0,38,0,0,38,1
39,0,37,0,0,32,1
37,0,38,0,0,32,1
37,0,38,0,0,32,1
39,0,37,0,0,32,1
0,0,62,0,0,88,1
41,0,32,0,0,53,1
176,0,10,0,2,52,1
176,0,10,0,2,52,1
176,0,10,0,2,52,1
0,0,40,0,0,40,1
0,0,0,0,0,0,1
0,0,0,0,0,0,1
0,0,40,0,0,40,1
0,0,44,0,0,67,1
0,0,0,0,0,0,1
6,0,27,0,0,30,1
6,0,27,0,0,30,1
0,0,40,0,0,40,1
0,0,40,0,0,40,1
0,0,40,0,0,40,1
0,0,40,0,0,40,1
0,0,40,0,0,40,1
0,0,40,0,0,40,1
0,0,40,0,0,40,1
0,0,40,0,0,40,1
0,0,38,0,0,38,1
0,0,38,0,0,38,1
3,0,30,0,0,64,1
16,0,35,0,0,73,1
0,0,38,0,0,38,1
0,0,38,0,0,38,1
0,0,0,0,0,0,1
308,0,48,0,0,2,1
0,0,43,0,0,45,1
0,0,43,0,0,45,1
0,0,43,0,0,45,1
0,0,40,0,0,40,1
0,0,38,0,0,46,1
0,0,40,0,0,40,1
2,0,32,0,0,16,1
0,0,19,0,0,56,1
0,0,40,0,0,40,1
137,0,25,0,1,19,1
315,0,22,0,1,47,1
13,0,35,0,0,57,1
0,0,34,0,0,36,1
64,0,40,0,0,9,1
760,0,18,0,3,15,1
760,0,18,0,3,15,1
760,0,18,0,3,15,1
8,0,33,0,3,39,1
760,0,18,0,3,15,1
760,0,18,0,3,15,1
0,0,0,0,0,0,1
8,0,33,0,3,39,1
760,0,18,0,3,15,1
1104,0,16,0,3,11,1
34,0,27,0,1,51,1
0,0,50,0,0,50,1
0,0,55,0,0,91,1
0,0,0,0,0,0,1
0,0,50,0,0,81,1
5,0,37,0,4,44,1
2,0,57,0,3,81,1
0,0,31,0,0,36,1
0,0,38,0,0,38,1
10,0,33,0,2,41,1
2,0,78,0,0,85,1
0,0,38,0,0,38,1
0,0,38,0,0,38,1
0,0,0,0,0,0,1
0,0,0,0,0,0,1
2,0,31,0,0,46,1
0,0,55,0,0,85,1
0,0,38,0,0,38,1
0,0,38,0,0,38,1
6,0,32,0,12,38,1
2,0,31,0,0,46,1
0,0,38,0,0,38,1
0,0,38,0,0,38,1
0,0,38,0,0,38,1
0,0,38,0,0,38,1
0,0,45,0,0,44,1
0,0,38,0,0,38,1
2,0,39,0,0,60,1
0,0,38,0,0,38,1
5,0,32,0,0,54,1
0,0,33,0,0,67,1
0,0,33,0,0,67,1
2,0,25,0,0,75,1
3,0,52,0,0,67,1
0,0,33,0,0,67,1
0,0,44,0,0,59,1
0,0,33,0,0,67,1
0,0,38,0,0,38,1
0,0,38,0,0,38,1
0,0,38,0,0,38,1
0,0,38,0,0,38,1
0,0,38,0,0,38,1
0,0,38,0,0,38,1
0,0,38,0,0,38,1
0,0,38,0,0,38,1
0,0,38,0,0,38,1
0,0,38,0,0,38,1
35,0,28,0,0,36,1
0,0,43,0,0,45,1
0,0,0,0,0,0,1
0,0,43,0,0,45,1
0,0,34,0,0,36,1
0,0,34,0,0,36,1
0,0,43,0,0,45,1
5,2,35,0,1,41,1
106,0,20,0,0,16,1
0,0,31,0,0,36,1
0,0,34,0,0,36,1
50,0,39,0,0,23,1
13,0,32,0,0,41,1
0,0,43,0,0,86,1
7,0,30,0,0,25,1
7,0,30,0,0,25,1
0,0,0,0,0,0,1
7,0,30,0,0,25,1
0,0,0,0,0,0,1
0,0,35,0,0,45,1
7,0,30,0,0,25,1
0,0,0,0,0,0,1
0,0,0,0,0,0,1
26,0,41,0,0,51,1
0,0,40,0,0,80,1
0,0,0,0,0,0,1
0,0,38,0,0,38,1
26,0,41,0,0,51,1
26,0,41,0,0,51,1
26,0,41,0,0,51,1
2,0,30,0,0,91,1
27,0,39,0,1,40,1
0,0,38,0,0,38,1
27,0,41,0,0,41,1
0,0,33,0,0,67,1
0,0,33,0,0,67,1
48,0,42,0,0,20,1
0,0,33,0,0,67,1
0,0,0,0,0,0,1
28,0,43,0,0,50,1
48,0,42,0,0,20,1
48,0,42,0,0,20,1
48,0,42,0,0,20,1
0,0,0,0,0,0,1
0,0,0,0,0,0,1
0,0,0,0,0,0,1
0,0,0,0,0,0,1
0,0,95,0,0,98,1
268,0,22,0,0,13,1
2,0,63,0,0,90,1
2,0,63,0,0,90,1
54,0,4,0,22,4,1
0,0,31,0,0,42,1
0,0,41,0,0,53,1
8,0,33,0,1,21,1
2,0,50,0,5,68,1
139,0,24,0,0,42,1
144,0,24,0,0,42,1
0,0,38,0,0,38,1
0,0,34,0,0,36,1
0,0,61,0,0,67,1
0,0,43,0,0,45,1
0,0,34,0,0,36,1
0,0,34,0,0,36,1
26,0,27,0,0,65,1
26,0,27,0,0,65,1
64,0,29,0,0,5,1
26,0,27,0,0,65,1
0,0,36,0,0,38,1
0,0,37,0,0,44,1
38,0,48,0,0,1,1
0,0,36,0,0,38,1
0,0,0,0,0,0,1
0,0,0,0,0,0,1
0,0,38,0,0,38,1
0,0,38,0,0,38,1
0,0,38,0,0,38,1
54,0,4,0,22,4,1
0,0,38,0,0,38,1
0,0,38,0,0,38,1
0,0,38,0,0,38,1
0,0,38,0,0,38,1
0,0,38,0,0,38,1
0,0,0,0,0,0,1
161,0,38,0,0,31,1
347,0,35,0,0,8,1
119,0,35,0,0,22,1
127,0,35,0,0,22,1
0,0,47,0,0,47,1
0,0,43,0,0,45,1
348,0,35,0,0,8,1
0,0,0,0,0,0,1
3,0,53,0,0,68,1
2,0,78,0,0,85,1
3,0,52,0,0,67,1
2,0,78,0,0,85,1
0,0,38,0,0,38,1
2,0,78,0,0,85,1
0,0,38,0,0,38,1
0,0,38,0,0,38,1
0,0,38,0,0,38,1
6,0,27,0,0,59,1
6,0,48,0,0,6,1
13,0,30,0,0,25,1
0,0,38,0,0,19,1
0,0,38,0,0,38,1
0,0,38,0,0,38,1
2,0,78,0,0,85,1
2,0,78,0,0,85,1
0,0,38,0,0,38,1
0,0,38,0,0,38,1
7,0,28,0,0,24,1
0,0,0,0,0,0,1
8,0,16,0,0,59,1
0,0,38,0,0,38,1
0,0,44,0,0,78,1
0,0,33,0,0,67,1
0,0,34,0,0,36,1
0,0,34,0,0,36,1
0,0,0,0,0,0,1
0,0,43,0,0,45,1
0,0,38,0,0,38,1
8,0,16,0,0,59,1
465,0,32,0,0,17,1
541,0,32,0,0,17,1
484,0,32,0,0,17,1
503,0,32,0,0,17,1
522,0,32,0,0,17,1
499,0,31,0,0,8,1
484,0,32,0,0,17,1
251,0,34,0,0,15,1
0,0,57,0,0,43,1
2,0,85,0,0,32,1
0,0,91,0,0,90,1
0,0,33,0,0,67,1
0,0,33,0,0,67,1
6,0,27,0,0,30,1
6,0,27,0,0,30,1
6,0,27,0,0,30,1
6,0,27,0,0,30,1
6,0,27,0,0,30,1
6,0,27,0,0,30,1
6,0,27,0,0,30,1
10,0,45,0,0,49,1
0,0,43,0,0,45,1
0,0,43,0,0,45,1
0,0,38,0,0,38,1
0,0,0,0,0,0,1
24,0,33,0,0,45,1
26,0,33,0,0,45,1
30,0,22,0,0,63,1
24,0,37,0,0,51,1
212,0,33,0,1,15,1
24,0,39,0,0,49,1
26,0,33,0,0,45,1
30,0,23,0,0,61,1
24,0,33,0,0,45,1
140,0,31,0,0,12,1
0,0,38,0,0,38,1
306,0,20,0,1,29,1
0,0,38,0,0,38,1
348,0,24,0,0,18,1
159,2,30,0,3,25,1
0,0,38,0,0,38,1
0,0,40,0,0,40,1
723,0,18,0,2,34,1
586,0,34,0,0,10,1
0,0,33,0,0,67,1
0,0,57,0,0,24,1
0,0,57,0,0,24,1
731,0,28,0,1,35,1
0,0,31,0,0,38,1
0,0,38,0,0,38,1
0,0,31,0,0,38,1
0,0,34,0,0,36,1
0,0,31,0,0,38,1
0,0,38,0,0,38,1
0,0,38,0,0,38,1
0,0,38,0,0,38,1
314,0,25,0,2,37,1
0,0,38,0,0,52,1
0,0,34,0,0,36,1
0,0,34,0,0,36,1
0,0,43,0,0,45,1
0,0,34,0,0,36,1
0,0,0,0,0,0,1
0,0,38,0,0,38,1
0,0,57,0,0,24,1
0,0,44,0,0,57,1
0,0,0,0,0,0,1
0,0,44,0,0,57,1
41,0,41,0,0,27,1
0,0,0,0,0,0,1
10,0,39,0,0,36,1
0,0,0,0,0,0,1
0,0,44,0,0,57,1
27,0,39,0,0,59,1
0,0,34,0,0,28,1
7,0,48,0,1,32,1
9,0,32,0,5,24,1
9,0,39,0,3,34,1
0,0,0,0,0,0,1
9,0,32,0,5,24,1
9,0,35,0,5,28,1
9,0,32,0,5,24,1
9,0,39,0,3,35,1
459,0,24,0,0,34,1
4,0,55,0,0,51,1
0,0,0,0,0,0,1
8,0,48,0,0,42,1
8,0,51,0,0,67,1
4,0,55,0,0,51,1
3,0,42,0,0,67,1
4,0,55,0,0,51,1
4,0,55,0,0,51,1
0,0,59,0,0,86,1
0,0,38,0,0,38,1
137,0,26,0,0,31,1
1169,0,30,0,0,21,1
0,0,0,0,0,0,1
0,0,0,0,0,0,1
0,0,0,0,0,0,1
0,0,0,0,0,0,1
0,0,0,0,0,0,1
0,0,33,0,0,67,1
0,0,0,0,0,0,1
0,0,33,0,0,67,1
0,0,34,0,0,36,1
0,0,34,0,0,36,1
5,0,31,0,1,39,1
0,0,0,0,0,0,1
5,0,31,0,1,39,1
0,0,40,0,0,40,1
5,0,31,0,1,39,1
13,0,43,0,0,39,1
0,0,0,0,0,0,1
0,0,0,0,0,0,1
8,0,37,0,1,38,1
0,0,0,0,0,0,1
0,0,34,0,0,36,1
0,0,38,0,0,38,1
0,0,38,0,0,38,1
0,0,38,0,0,38,1
0,0,38,0,0,38,1
0,0,43,0,0,45,1
0,0,38,0,0,38,1
0,0,43,0,0,45,1
44,0,30,0,1,32,1
0,0,34,0,0,36,1
0,0,30,0,0,35,1
0,0,45,0,0,44,1
0,0,34,0,0,36,1
497,0,22,0,0,4,1
144,0,26,0,0,36,1
134,0,26,0,0,43,1
368,0,27,0,0,30,1
144,0,27,0,0,35,1
144,0,26,0,0,35,1
144,0,27,0,0,34,1
144,0,27,0,0,35,1
11,0,23,0,0,39,1
0,0,33,0,0,67,1
0,0,38,0,0,38,1
236,0,40,0,0,6,1
10,0,50,0,0,15,1
48,0,45,0,0,14,1
235,0,39,0,4,4,1
48,0,45,0,0,14,1
48,0,45,0,0,14,1
59,0,39,0,0,29,1
48,0,45,0,0,14,1
48,0,45,0,0,14,1
0,0,38,0,0,38,1
0,0,43,0,0,57,1
0,0,33,0,3,38,1
0,0,0,0,0,0,1
48,0,45,0,0,14,1
0,0,23,0,7,18,1
0,0,0,0,0,0,1
0,0,6,0,0,12,1
0,0,0,0,0,0,1
0,0,0,0,0,0,1
0,0,0,0,0,0,1
0,0,0,0,0,0,1
0,0,0,0,0,0,1
0,0,34,0,0,36,1
0,0,34,0,0,36,1
2,0,30,0,0,55,1
0,0,33,0,0,67,1
0,0,43,0,0,45,1
0,0,31,0,0,38,1
0,0,43,0,0,45,1
17,0,38,0,2,21,1
2,0,10,0,25,70,1
90,0,33,0,1,1,1
6,0,18,0,0,40,1
17,0,36,0,3,22,1
0,0,38,0,0,38,1
10,0,38,0,0,70,1
0,0,38,0,0,38,1
0,0,34,0,0,36,1
0,0,34,0,0,36,1
84,0,30,0,0,15,1
0,0,48,0,5,76,1
0,0,0,0,0,0,0
6,0,20,0,0,62,0
6,0,19,0,0,70,0
6,0,20,0,0,61,0
6,0,20,0,0,62,0
6,0,19,0,0,70,0
0,0,20,0,0,62,0
0,0,20,0,0,61,0
6,0,21,0,0,62,0
0,0,19,0,0,70,0
0,0,38,0,0,57,0
0,0,37,0,0,52,0
6,0,17,0,0,77,0
0,0,21,0,0,62,0
6,0,19,0,0,70,0
6,0,19,0,0,71,0
0,0,19,0,0,70,0
0,0,19,0,0,71,0
0,0,21,0,0,62,0
0,0,19,0,0,71,0
0,0,19,0,0,70,0
0,0,19,0,0,72,0
0,0,19,0,0,70,0
6,0,19,0,0,70,0
0,0,19,0,0,70,0
0,0,0,0,0,0,0
0,0,0,0,0,0,0
0,0,0,0,0,0,0
0,0,19,0,0,70,0
6,0,20,0,0,62,0
6,0,21,0,0,62,0
0,0,0,0,0,0,0
0,0,0,0,0,0,0
6,0,21,0,0,62,0
6,0,21,0,0,62,0
6,0,18,0,0,71,0
6,0,21,0,0,62,0
0,0,0,0,0,0,0
6,0,20,0,0,62,0
6,0,21,0,0,62,0
0,0,0,0,0,0,0
0,0,0,0,0,0,0
6,0,20,0,0,62,0
6,0,21,0,0,62,0
6,0,20,0,0,62,0
0,0,0,0,0,0,0
6,0,21,0,0,62,0
6,0,21,0,0,61,0
0,0,0,0,0,0,0
6,0,20,0,0,62,0
6,0,20,0,0,62,0
0,0,0,0,0,0,0
0,0,19,0,0,72,0
0,0,0,0,0,0,0
0,0,0,0,0,0,0
6,0,19,0,0,71,0
0,0,0,0,0,0,0
6,0,20,0,0,62,0
6,0,20,0,0,62,0
0,0,0,0,0,0,0
6,0,20,0,0,62,0
0,0,0,0,0,0,0
0,0,0,0,0,0,0
0,0,0,0,0,0,0
0,0,0,0,0,0,0
0,0,0,0,0,0,0
0,0,20,0,0,62,0
6,0,20,0,0,62,0
6,0,20,0,0,62,0
6,0,20,0,0,61,0
6,0,20,0,0,62,0
0,0,20,0,0,62,0
6,0,20,0,0,61,0
6,0,20,0,0,62,0
0,0,20,0,0,62,0
6,0,20,0,0,62,0
6,0,19,0,0,71,0
6,0,20,0,0,62,0
0,0,19,0,0,70,0
6,0,19,0,0,70,0
0,0,0,0,0,0,0
6,0,20,0,0,62,0
6,0,20,0,0,62,0
6,0,20,0,0,62,0
6,0,20,0,0,62,0
6,0,20,0,0,61,0
0,0,20,0,0,62,0
0,0,19,0,0,70,0
6,0,20,0,0,62,0
0,0,0,0,0,0,0
6,0,19,0,0,70,0
6,0,19,0,0,70,0
6,0,20,0,0,62,0
6,0,20,0,0,62,0
0,0,19,0,0,70,0
6,0,21,0,0,62,0
6,0,20,0,0,62,0
6,0,20,0,0,62,0
6,0,21,0,0,62,0
6,0,20,0,0,62,0
6,0,20,0,0,61,0
6,0,20,0,0,61,0
6,0,20,0,0,62,0
6,0,20,0,0,62,0
6,0,20,0,0,62,0
0,0,0,0,0,0,0
0,0,0,0,0,0,0
0,0,0,0,0,0,0
0,0,0,0,0,0,0
0,0,0,0,0,0,0
0,0,0,0,0,0,0
0,0,0,0,0,0,0
6,0,19,0,0,70,0
6,0,19,0,0,70,0
0,0,0,0,0,0,0
6,0,19,0,0,70,0
0,0,20,0,0,62,0
0,0,0,0,0,0,0
0,0,0,0,0,0,0
6,0,20,0,0,61,0
6,0,20,0,0,62,0
0,0,0,0,0,0,0
0,0,0,0,0,0,0
6,0,18,0,0,71,0
0,0,0,0,0,0,0
6,0,20,0,0,62,0
6,0,20,0,0,62,0
6,0,20,0,0,62,0
6,0,20,0,0,62,0
0,0,0,0,0,0,0
6,0,19,0,0,70,0
6,0,18,0,0,71,0
6,0,20,0,0,62,0
6,0,19,0,0,71,0
0,0,0,0,0,0,0
0,0,0,0,0,0,0
6,0,19,0,0,70,0
6,0,20,0,0,62,0
6,0,19,0,0,71,0
6,0,19,0,0,71,0
6,0,19,0,0,71,0
0,0,0,0,0,0,0
6,0,20,0,0,62,0
6,0,21,0,0,62,0
6,0,20,0,0,62,0
6,0,20,0,0,62,0
0,0,30,0,3,24,0
6,0,20,0,0,62,0
6,0,20,0,0,62,0
6,0,19,0,0,70,0
0,0,0,0,0,0,0
6,0,20,0,0,62,0
6,0,20,0,0,62,0
6,0,19,0,0,71,0
6,0,20,0,0,62,0
6,0,21,0,0,62,0
6,0,19,0,0,70,0
6,0,19,0,0,70,0
6,0,19,0,0,70,0
6,0,20,0,0,62,0
6,0,20,0,0,62,0
6,0,20,0,0,62,0
0,0,0,0,0,0,0
6,0,20,0,0,62,0
6,0,20,0,0,62,0
6,0,19,0,0,70,0
6,0,20,0,0,62,0
6,0,20,0,0,62,0
6,0,21,0,0,62,0
6,0,21,0,0,62,0
0,0,20,0,0,62,0
6,0,21,0,0,62,0
6,0,20,0,0,62,0
6,0,19,0,0,70,0
6,0,21,0,0,62,0
8,0,18,0,0,71,0
6,0,19,0,0,71,0
6,0,20,0,0,62,0
6,0,21,0,0,62,0
6,0,19,0,0,71,0
0,0,19,0,0,70,0
0,0,0,0,0,0,0
6,0,20,0,0,62,0
6,0,19,0,0,70,0
6,0,21,0,0,62,0
6,0,20,0,0,62,0
0,0,20,0,0,62,0
6,0,21,0,0,62,0
6,0,21,0,0,62,0
6,0,20,0,0,62,0
6,0,20,0,0,62,0
6,0,20,0,0,62,0
6,0,20,0,0,62,0
0,0,19,0,0,70,0
6,0,19,0,0,70,0
6,0,19,0,0,70,0
6,0,19,0,0,71,0
6,0,19,0,0,71,0
6,0,20,0,0,62,0
6,0,21,0,0,62,0
0,0,0,0,0,0,0
6,0,20,0,0,62,0
6,0,19,0,0,71,0
6,0,19,0,0,70,0
6,0,19,0,0,70,0
6,0,20,0,0,62,0
6,0,21,0,0,62,0
6,0,20,0,0,62,0
6,0,19,0,0,71,0
6,0,19,0,0,70,0
0,0,19,0,0,70,0
6,0,19,0,0,70,0
6,0,21,0,0,62,0
6,0,19,0,0,70,0
6,0,19,0,0,71,0
6,0,21,0,0,62,0
6,0,21,0,0,62,0
6,0,21,0,0,62,0
6,0,21,0,0,62,0
6,0,20,0,0,62,0
0,0,19,0,0,72,0
6,0,19,0,0,70,0
6,0,20,0,0,62,0
6,0,21,0,0,62,0
6,0,21,0,0,62,0
6,0,21,0,0,62,0
6,0,20,0,0,62,0
6,0,21,0,0,62,0
6,0,18,0,0,71,0
6,0,18,0,0,71,0
6,0,18,0,0,71,0
0,0,19,0,0,70,0
6,0,19,0,0,70,0
0,0,38,0,0,38,1
0,0,0,0,0,0,1
2,0,25,0,12,75,1
2,0,32,0,5,55,1
2,0,33,0,8,67,1
2,0,25,0,12,75,1
2,0,33,0,8,67,1
2,0,33,0,8,67,1
2,0,33,0,8,67,1
2,0,33,0,8,67,1
2,0,33,0,8,67,1
2,0,33,0,8,67,1
2,0,33,0,8,67,1
2,0,33,0,8,67,1
2,0,33,0,8,67,1
2,0,33,0,8,67,1
2,0,33,0,8,67,1
2,0,33,0,8,67,1
2,0,33,0,8,67,1
2,0,33,0,8,67,1
2,0,33,0,8,67,1
0,0,0,0,0,0,1
2,0,33,0,8,67,1
2,0,30,0,10,80,1
2,0,33,0,8,67,1
2,0,32,0,5,55,1
2,0,33,0,8,67,1
2,0,25,0,12,75,1
2,0,33,0,8,67,1
0,0,0,0,0,0,1
2,0,32,0,5,55,1
0,0,40,0,0,40,1
2,0,54,0,2,56,1
2,0,33,0,8,67,1
2,0,33,0,8,67,1
0,0,40,0,0,40,1
2,0,32,0,5,55,1
2,0,33,0,8,67,1
0,0,0,0,0,0,1
2,0,33,0,8,67,1
0,0,0,0,0,0,1
2,0,33,0,8,67,1
0,0,59,0,0,54,1
0,0,0,0,0,0,1
2,0,33,0,8,67,1
2,0,33,0,8,67,1
2,0,33,0,8,67,1
0,0,0,0,0,0,1
2,0,25,0,12,75,1
2,0,25,0,12,75,1
2,0,33,0,8,67,1
8,0,17,0,3,61,1
8,0,17,0,3,61,1
8,0,16,0,4,59,1
8,0,17,0,3,62,1
8,0,17,0,3,63,1
8,0,17,0,3,63,1
0,0,0,0,0,0,1
0,0,0,0,0,0,1
0,0,0,0,0,0,1
50,0,27,0,1,36,1
0,0,0,0,0,0,1
18,0,28,0,0,16,1
18,0,30,0,0,14,1
18,0,28,0,0,18,1
18,0,29,0,0,17,1
0,0,0,0,0,0,1
19,0,28,0,1,19,1
0,0,57,0,0,30,1
0,0,57,0,0,30,1
0,0,34,0,0,36,1
0,0,43,0,0,45,1
0,0,34,0,0,36,1
0,0,44,0,0,62,1
0,0,43,0,0,45,1
0,0,34,0,0,36,1
0,0,43,0,0,45,1
0,0,43,0,0,45,1
0,0,34,0,0,36,1
0,0,43,0,0,45,1
0,0,34,0,0,36,1
0,0,34,0,0,36,1
0,0,34,0,0,36,1
0,0,34,0,0,36,1
0,0,43,0,0,45,1
0,0,38,0,0,38,1
0,0,43,0,0,45,1
0,0,34,0,0,36,1
0,0,34,0,0,36,1
0,0,39,0,0,28,1
0,0,34,0,0,36,1
0,0,0,0,0,0,1
0,0,34,0,0,36,1
0,0,43,0,0,45,1
0,0,34,0,0,36,1
0,0,43,0,0,45,1
0,0,43,0,0,45,1
0,0,43,0,0,45,1
0,0,34,0,0,36,1
0,0,0,0,0,0,1
0,0,44,0,0,43,1
0,0,0,0,0,0,1
0,0,34,0,0,36,1
0,0,0,0,0,0,1
0,0,34,0,0,36,1
0,0,34,0,0,36,1
0,0,43,0,0,45,1
0,0,43,0,0,45,1
0,0,34,0,0,36,1
0,0,43,0,0,45,1
0,0,43,0,0,45,1
0,0,43,0,0,45,1
0,0,43,0,0,45,1
0,0,34,0,0,36,1
314,0,25,0,1,35,1
0,0,43,0,0,45,1
0,0,43,0,0,45,1
0,0,34,0,0,36,1
0,0,43,0,0,45,1
51,0,33,0,0,43,1
188,0,56,0,0,1,1
0,0,46,0,0,67,1
81,0,51,0,0,16,1
2,0,50,0,0,50,1
0,0,33,0,0,67,1
0,0,0,0,0,0,1
2,0,60,0,0,70,1
0,0,33,0,0,67,1
2,0,50,0,0,50,1
2,0,50,0,0,50,1
0,0,46,0,0,67,1
169,0,20,0,0,60,1
0,0,33,0,0,67,1
89,0,50,0,0,15,1
0,0,33,0,0,67,1
180,0,56,0,0,1,1
0,0,39,0,0,61,1
0,0,46,0,0,67,1
0,0,33,0,0,67,1
8,0,56,0,3,69,1
0,0,67,0,0,67,1
8,0,47,0,5,63,1
0,0,67,0,0,67,1
6,0,54,0,4,71,1
0,0,67,0,0,67,1
0,0,67,0,0,67,1
8,0,56,0,3,69,1
8,0,47,0,5,63,1
0,0,67,0,0,67,1
0,0,67,0,0,67,1
0,0,67,0,0,67,1
8,0,56,0,3,69,1
6,0,55,0,5,77,1
8,0,56,0,3,69,1
0,0,67,0,0,67,1
0,0,67,0,0,67,1
0,0,67,0,0,67,1
6,0,56,0,4,72,1
0,0,67,0,0,67,1
0,0,67,0,0,67,1
8,0,56,0,3,69,1
0,0,60,0,0,70,1
0,0,67,0,0,67,1
6,0,56,0,4,72,1
0,0,67,0,0,67,1
0,0,0,0,0,0,1
0,0,75,0,0,69,1
0,0,67,0,0,67,1
39,0,37,0,0,32,1
37,0,38,0,0,32,1
39,0,37,0,0,32,1
39,0,37,0,0,32,1
39,0,37,0,0,32,1
39,0,37,0,0,32,1
39,0,37,0,0,32,1
0,0,33,0,0,67,1
37,0,38,0,0,32,1
39,0,37,0,0,32,1
39,0,37,0,0,32,1
39,0,37,0,0,32,1
39,0,37,0,0,32,1
39,0,37,0,0,32,1
39,0,37,0,0,32,1
39,0,37,0,0,32,1
39,0,37,0,0,32,1
37,0,38,0,0,32,1
41,0,38,0,0,32,1
39,0,37,0,0,32,1
37,0,38,0,0,32,1
39,0,37,0,0,32,1
39,0,37,0,0,32,1
760,0,18,0,3,15,1
0,0,0,0,0,0,1
8,0,33,0,3,39,1
760,0,18,0,3,15,1
760,0,18,0,3,15,1
760,0,18,0,3,15,1
760,0,18,0,3,15,1
760,0,18,0,3,15,1
8,0,33,0,3,39,1
760,0,18,0,3,15,1
760,0,18,0,3,15,1
8,0,25,0,6,21,1
760,0,18,0,3,15,1
0,0,38,0,0,38,1
760,0,18,0,3,15,1
925,0,18,0,3,15,1
760,0,18,0,3,15,1
760,0,18,0,3,15,1
760,0,18,0,3,15,1
8,0,33,0,3,39,1
760,0,18,0,3,15,1
0,0,0,0,0,0,1
30,0,34,0,4,40,1
760,0,18,0,3,15,1
8,0,33,0,3,39,1
760,0,18,0,3,15,1
760,0,18,0,3,15,1
8,0,33,0,3,39,1
760,0,18,0,3,15,1
760,0,18,0,3,15,1
760,0,18,0,3,15,1
760,0,18,0,3,15,1
8,0,33,0,3,39,1
8,0,25,0,6,21,1
8,0,33,0,3,39,1
760,0,18,0,3,15,1
760,0,18,0,3,15,1
921,0,17,0,3,13,1
8,0,25,0,6,21,1
760,0,18,0,3,15,1
760,0,18,0,3,15,1
760,0,18,0,3,15,1
760,0,18,0,3,15,1
760,0,18,0,3,15,1
760,0,18,0,3,15,1
0,0,0,0,0,0,1
760,0,18,0,3,15,1
8,0,33,0,3,39,1
8,0,33,0,3,39,1
0,0,45,0,0,44,1
760,0,18,0,3,15,1
760,0,18,0,3,15,1
760,0,18,0,3,15,1
8,0,33,0,3,39,1
760,0,18,0,3,15,1
760,0,18,0,3,15,1
760,0,18,0,3,15,1
8,0,33,0,3,39,1
760,0,18,0,3,15,1
760,0,18,0,3,15,1
8,0,33,0,3,39,1
8,0,33,0,3,39,1
0,0,0,0,0,0,1
760,0,18,0,3,15,1
760,0,18,0,3,15,1
760,0,18,0,3,15,1
760,0,18,0,3,15,1
760,0,18,0,3,15,1
760,0,18,0,3,15,1
760,0,18,0,3,15,1
760,0,18,0,3,15,1
8,0,33,0,3,39,1
760,0,18,0,3,15,1
760,0,18,0,3,15,1
760,0,18,0,3,15,1
760,0,18,0,3,15,1
8,0,33,0,3,39,1
760,0,18,0,3,15,1
8,0,33,0,3,39,1
760,0,18,0,3,15,1
760,0,18,0,3,15,1
8,0,33,0,3,39,1
8,0,33,0,3,39,1
760,0,18,0,3,15,1
8,0,33,0,3,39,1
8,0,33,0,3,39,1
760,0,18,0,3,15,1
8,0,28,0,5,28,1
8,0,25,0,6,21,1
760,0,18,0,3,15,1
8,0,33,0,3,39,1
0,0,38,0,0,38,1
760,0,18,0,3,15,1
760,0,18,0,3,15,1
8,0,33,0,3,39,1
8,0,33,0,3,39,1
8,0,33,0,3,39,1
8,0,33,0,3,39,1
0,0,0,0,0,0,1
736,0,17,0,3,16,1
943,0,17,0,3,13,1
8,0,33,0,3,39,1
760,0,18,0,3,15,1
760,0,18,0,3,15,1
8,0,25,0,6,21,1
760,0,18,0,3,15,1
8,0,33,0,3,39,1
8,0,25,0,6,21,1
760,0,18,0,3,15,1
760,0,18,0,3,15,1
760,0,18,0,3,15,1
760,0,18,0,3,15,1
921,0,16,0,3,12,1
760,0,18,0,3,15,1
760,0,18,0,3,15,1
943,0,17,0,3,13,1
760,0,18,0,3,15,1
760,0,18,0,3,15,1
760,0,18,0,3,15,1
2,0,63,0,0,89,1
0,0,0,0,0,0,1
0,0,0,0,0,0,1
0,0,0,0,0,0,1
0,0,0,0,0,0,1
0,0,0,0,0,0,1
0,0,0,0,0,0,1
2,0,78,0,0,85,1
0,0,0,0,0,0,1
0,0,0,0,0,0,1
0,0,0,0,0,0,1
0,0,42,0,0,58,1
0,0,0,0,0,0,1
0,0,33,0,0,67,1
0,0,0,0,0,0,1
0,0,0,0,0,0,1
0,0,0,0,0,0,1
0,0,0,0,0,0,1
0,0,0,0,0,0,1
0,0,44,0,0,62,1
0,0,0,0,0,0,1
324,0,35,0,0,3,1
0,0,0,0,0,0,1
0,0,44,0,0,62,1
0,0,33,0,0,67,1
0,0,0,0,0,0,1
8,0,46,0,0,10,1
0,0,0,0,0,0,1
30,0,39,0,0,55,1
0,0,0,0,0,0,1
0,0,33,0,0,67,1
0,0,0,0,0,0,1
0,0,0,0,0,0,1
0,0,48,0,0,62,1
0,0,0,0,0,0,1
0,0,0,0,0,0,1
0,0,0,0,0,0,1
0,0,0,0,0,0,1
0,0,0,0,0,0,1
0,0,0,0,0,0,1
0,0,0,0,0,0,1
0,0,0,0,0,0,1
0,0,0,0,0,0,1
135,0,26,0,0,60,1
98,0,26,0,0,61,1
0,0,0,0,0,0,1
9,2,33,0,1,34,1
122,0,25,0,0,61,1
0,0,43,0,0,86,1
9,2,33,0,1,31,1
9,2,33,0,1,34,1
6,2,33,0,1,31,1
9,2,33,0,1,31,1
9,2,33,0,1,31,1
9,2,33,0,1,31,1
9,2,33,0,1,34,1
9,2,33,0,1,31,1
9,2,31,0,1,24,1
66,2,30,0,5,32,1
66,2,30,0,5,32,1
66,2,30,0,5,32,1
66,2,30,0,5,32,1
6,2,31,0,1,24,1
9,2,33,0,1,31,1
9,2,34,0,2,28,1
9,2,33,0,1,31,1
9,2,35,0,0,36,1
66,2,30,0,5,32,1
0,0,35,0,0,45,1
66,2,30,0,5,32,1
9,2,33,0,1,31,1
66,2,30,0,6,30,1
9,2,33,0,1,31,1
0,0,38,0,0,38,1
0,0,38,0,0,38,1
0,0,38,0,0,38,1
0,0,38,0,0,38,1
0,0,38,0,0,38,1
0,0,38,0,0,38,1
0,0,38,0,0,38,1
0,0,38,0,0,38,1
0,0,38,0,0,38,1
0,0,38,0,0,38,1
0,0,38,0,0,38,1
0,0,38,0,0,38,1
0,0,38,0,0,38,1
0,0,38,0,0,38,1
0,0,38,0,0,38,1
0,0,38,0,0,38,1
119,0,35,0,0,22,1
2,0,78,0,0,85,1
2,0,78,0,0,85,1
2,0,78,0,0,85,1
172,0,34,0,0,18,1
2,0,78,0,0,85,1
2,0,78,0,0,85,1
2,0,78,0,0,85,1
2,0,78,0,0,85,1
2,0,78,0,0,85,1
2,0,78,0,0,85,1
2,0,78,0,0,85,1
2,0,78,0,0,85,1
2,0,78,0,0,85,1
2,0,78,0,0,85,1
2,0,78,0,0,85,1
2,0,78,0,0,85,1
2,0,78,0,0,85,1
2,0,78,0,0,85,1
2,0,78,0,0,85,1
2,0,78,0,0,85,1
2,0,78,0,0,85,1
2,0,78,0,0,85,1
2,0,78,0,0,85,1
2,0,78,0,0,85,1
2,0,78,0,0,85,1
2,0,78,0,0,85,1
2,0,78,0,0,85,1
0,0,38,0,0,38,1
2,0,78,0,0,85,1
2,0,78,0,0,85,1
2,0,78,0,0,85,1
3,0,52,0,0,67,1
2,0,78,0,0,85,1
2,0,78,0,0,85,1
3,0,52,0,0,67,1
2,0,78,0,0,85,1
2,0,78,0,0,85,1
2,0,78,0,0,85,1
2,0,78,0,0,85,1
3,0,52,0,0,67,1
2,0,78,0,0,85,1
2,0,78,0,0,85,1
3,0,52,0,0,67,1
2,0,78,0,0,85,1
2,0,78,0,0,85,1
2,0,78,0,0,85,1
2,0,78,0,0,85,1
3,0,52,0,0,67,1
2,0,78,0,0,85,1
2,0,78,0,0,85,1
2,0,78,0,0,85,1
2,0,78,0,0,85,1
2,0,78,0,0,85,1
2,0,78,0,0,85,1
2,0,78,0,0,85,1
3,0,52,0,0,67,1
2,0,78,0,0,85,1
2,0,78,0,0,85,1
2,0,78,0,0,85,1
2,0,78,0,0,85,1
2,0,78,0,0,85,1
2,0,78,0,0,85,1
2,0,78,0,0,85,1
2,0,78,0,0,85,1
2,0,78,0,0,85,1
2,0,78,0,0,85,1
2,0,78,0,0,85,1
2,0,78,0,0,85,1
2,0,78,0,0,85,1
2,0,78,0,0,85,1
2,0,78,0,0,85,1
3,0,52,0,0,67,1
2,0,78,0,0,85,1
2,0,78,0,0,85,1
2,0,78,0,0,85,1
8,0,32,0,0,23,1
0,0,57,0,0,86,1
0,0,0,0,0,0,1
3,0,31,0,0,64,1
31,0,19,0,2,64,1
0,0,38,0,0,38,1
0,0,59,0,0,82,1
0,0,33,0,0,67,1
0,0,38,0,0,50,1
0,0,0,0,0,0,1
0,0,38,0,0,38,1
0,0,43,0,0,45,1
0,0,60,0,0,71,1
0,0,0,0,0,0,1
0,0,0,0,0,0,1
121,0,28,0,0,47,1
335,0,23,0,1,43,1
0,0,0,0,0,0,1
0,0,0,0,0,0,1
2,0,78,0,0,85,1
24,0,30,0,0,24,1
0,0,43,0,0,45,1
0,0,38,0,0,38,1
170,0,56,0,0,1,1
6,0,34,0,1,34,1
152,0,22,0,4,16,1
0,0,40,0,0,38,1
0,0,43,0,0,43,1
0,0,34,0,0,36,1
0,0,38,0,0,38,1
0,0,38,0,0,52,1
0,0,43,0,0,45,1
0,0,38,0,0,38,1
0,0,38,0,0,38,1
0,0,38,0,0,38,1
0,0,38,0,0,38,1
0,0,34,0,0,36,1
0,0,34,0,0,36,1
0,0,34,0,0,36,1
0,0,93,0,0,12,1
5,0,33,0,13,60,1
140,0,24,0,0,36,1
0,0,38,0,0,38,1
31,0,40,0,3,32,1
2,0,78,0,0,85,1
0,0,38,0,0,38,1
2,0,78,0,0,85,1
0,0,43,0,0,45,1
0,0,0,0,0,0,1
0,0,40,0,0,40,1
0,0,43,0,0,57,1
0,0,34,0,0,36,1
2,0,29,0,0,90,1
10,0,44,0,0,56,1
2,0,40,0,0,60,1
152,0,22,0,4,16,1
0,0,93,0,0,12,1
49,0,29,0,1,26,1
34,0,23,0,0,37,1
0,0,45,0,0,65,1
66,0,34,0,1,45,1
35,0,45,0,0,59,1
0,0,0,0,0,0,1
5,0,31,0,1,38,1
0,0,38,0,0,38,1
0,0,43,0,0,45,1
0,0,34,0,0,36,1
15,0,36,0,0,30,1
0,0,38,0,0,38,1
0,0,20,0,0,40,1
0,0,38,0,0,38,1
0,0,38,0,0,38,1
0,0,0,0,0,0,1
4,0,38,0,0,48,1
2,0,52,0,0,48,1
0,0,38,0,0,38,1
0,0,56,0,1,32,1
166,0,25,0,0,37,1
0,0,38,0,0,38,1
0,0,34,0,0,36,1
0,0,0,0,0,0,1
49,0,29,0,1,27,1
0,0,43,0,0,45,1
0,0,34,0,0,36,1
0,0,94,0,0,11,1
0,0,0,0,0,0,1
0,0,34,0,0,36,1
6,0,40,0,0,50,1
0,0,37,0,0,56,1
0,0,43,0,0,45,1
41,0,20,0,1,68,1
4,0,30,0,0,49,1
49,0,29,0,1,26,1
0,0,43,0,0,45,1
0,0,34,0,0,36,1
0,0,38,0,0,38,1
10,0,31,0,0,38,1
0,0,33,0,0,67,1
0,0,38,0,0,38,1
0,0,34,0,0,36,1
0,0,43,0,0,45,1
0,0,43,0,0,45,1
0,0,0,0,0,0,1
16,0,24,0,0,20,1
0,0,38,0,0,38,1
0,0,34,0,0,36,1
0,0,43,0,0,45,1
4,0,27,0,0,25,1
0,0,38,0,0,38,1
0,0,38,0,0,38,1
1544,0,36,0,0,21,1
96,0,38,0,1,13,1
0,0,34,0,0,36,1
2,0,60,0,0,50,1
0,0,68,0,0,56,1
467,0,44,0,0,11,1
0,0,0,0,0,0,1
0,0,38,0,0,38,1
2,0,67,0,0,0,1
4,0,28,0,0,26,1
0,0,0,0,0,0,1
0,0,43,0,0,45,1
30,0,40,0,0,49,1
0,0,34,0,0,36,1
0,0,43,0,0,45,1
0,0,34,0,0,36,1
640,0,30,0,0,32,1
0,0,38,0,0,38,1
0,0,52,0,0,48,1
0,0,43,0,0,45,1
0,0,38,0,0,52,1
0,0,34,0,0,36,1
5,0,28,0,0,66,1
0,0,43,0,0,45,1
0,0,43,0,0,45,1
7,0,29,0,0,30,1
0,0,38,0,0,38,1
0,0,38,0,0,38,1
2,0,60,0,0,36,1
0,0,0,0,0,0,1
0,0,34,0,0,36,1
2,0,78,0,0,85,1
238,0,41,0,0,6,1
0,0,0,0,0,0,1
6,0,27,0,0,30,1
7,0,29,0,1,23,1
0,0,33,0,0,67,1
0,0,0,0,0,0,1
0,0,34,0,0,36,1
165,0,45,0,5,20,1
0,0,38,0,0,38,1
882,0,33,0,0,13,1
0,0,50,0,0,90,1
3,0,20,0,0,67,1
0,0,43,0,0,45,1
6,0,31,0,0,31,1
0,0,34,0,0,36,1
0,0,43,0,0,57,1
29,0,47,0,0,59,1
0,0,38,0,0,38,1
0,0,43,0,0,45,1
128,0,51,0,1,12,1
0,0,0,0,0,0,1
8,0,50,0,0,50,1
0,0,34,0,0,36,1
26,0,29,0,1,34,1
343,0,25,0,0,21,1
2,0,78,0,0,85,1
0,0,43,0,0,45,1
26,0,43,0,0,60,1
0,0,38,0,0,38,1
0,0,55,0,0,59,1
0,0,34,0,0,36,1
7,0,27,0,0,31,1
37,0,21,0,0,64,1
0,0,34,0,0,36,1
0,0,0,0,0,0,1
0,0,43,0,0,45,1
0,0,34,0,0,36,1
0,0,20,0,0,40,1
7,0,29,0,1,23,1
0,0,38,0,0,38,1
6,0,48,0,0,5,1
0,0,33,0,0,67,1
10,0,28,0,1,19,1
0,0,0,0,0,0,1
0,0,34,0,0,36,1
2,0,60,0,0,36,1
0,0,33,0,0,67,1
0,0,0,0,0,0,1
0,0,0,0,0,0,1
15,0,29,0,6,50,1
0,0,61,0,0,68,1
3,0,53,0,0,68,1
0,0,34,0,0,36,1
142,0,43,0,0,14,1
0,0,43,0,0,45,1
26,0,34,0,0,7,1
0,0,38,0,0,38,1
0,0,33,0,0,67,1
0,0,38,0,0,38,1
16,0,24,0,0,19,1
0,0,43,0,0,45,1
15,0,35,0,0,30,1
0,0,57,0,0,86,1
8,0,41,0,2,32,1
29,0,26,0,1,31,1
13,0,30,0,0,25,1
0,0,0,0,0,0,1
0,0,34,0,0,36,1
46,0,50,0,0,4,1
0,0,34,0,0,36,1
0,0,38,0,0,38,1
0,0,33,0,0,67,1
0,0,0,0,0,0,1
368,3,41,0,7,15,1
2,0,31,0,0,42,1
0,0,0,0,0,0,1
0,0,34,0,0,36,1
0,0,34,0,0,36,1
6,0,27,0,0,30,1
2,0,35,0,0,59,1
0,0,43,0,0,45,1
316,0,14,0,0,8,1
16,0,24,0,0,50,1
37,0,21,0,0,64,1
0,0,38,0,0,38,1
0,0,0,0,0,0,1
0,0,0,0,0,0,1
0,0,0,0,0,0,1
0,0,0,0,0,0,1
0,0,0,0,0,0,1
0,0,0,0,0,0,1
0,0,0,0,0,0,1
0,0,0,0,0,0,1
0,0,0,0,0,0,1
0,0,0,0,0,0,1
0,0,0,0,0,0,1
0,0,0,0,0,0,1
0,0,0,0,0,0,1
0,0,0,0,0,0,1
0,0,0,0,0,0,1
0,0,0,0,0,0,1
0,0,0,0,0,0,1
0,0,0,0,0,0,1
0,0,0,0,0,0,1
0,0,0,0,0,0,1
0,0,0,0,0,0,1
0,0,0,0,0,0,1
0,0,0,0,0,0,1
0,0,0,0,0,0,1
0,0,0,0,0,0,1
0,0,0,0,0,0,1
0,0,0,0,0,0,1
0,0,0,0,0,0,1
0,0,0,0,0,0,1
0,0,0,0,0,0,1
0,0,0,0,0,0,1
0,0,0,0,0,0,1
0,0,0,0,0,0,1
0,0,0,0,0,0,1
0,0,0,0,0,0,1
0,0,0,0,0,0,1
0,0,0,0,0,0,1
0,0,0,0,0,0,1
0,0,0,0,0,0,1
0,0,0,0,0,0,1
0,0,0,0,0,0,1
0,0,0,0,0,0,1
0,0,0,0,0,0,1
0,0,0,0,0,0,1
0,0,0,0,0,0,1
0,0,0,0,0,0,1
0,0,0,0,0,0,1
0,0,0,0,0,0,1
0,0,0,0,0,0,1
0,0,0,0,0,0,1
0,0,0,0,0,0,1
0,0,0,0,0,0,1
0,0,0,0,0,0,1
0,0,0,0,0,0,1
0,0,0,0,0,0,1
0,0,0,0,0,0,1
0,0,0,0,0,0,1
0,0,0,0,0,0,1
0,0,0,0,0,0,1
0,0,0,0,0,0,1
0,0,0,0,0,0,1
0,0,0,0,0,0,1
0,0,0,0,0,0,1
0,0,0,0,0,0,1
0,0,0,0,0,0,1
0,0,0,0,0,0,1
0,0,0,0,0,0,1
0,0,0,0,0,0,1
0,0,0,0,0,0,1
0,0,0,0,0,0,1
0,0,0,0,0,0,1
0,0,0,0,0,0,1
0,0,0,0,0,0,1
0,0,0,0,0,0,1
0,0,0,0,0,0,1
0,0,0,0,0,0,1
0,0,0,0,0,0,1
0,0,0,0,0,0,1
0,0,0,0,0,0,1
0,0,0,0,0,0,1
0,0,0,0,0,0,1
0,0,0,0,0,0,1
0,0,0,0,0,0,1
0,0,0,0,0,0,1
0,0,0,0,0,0,1
0,0,0,0,0,0,1
0,0,0,0,0,0,1
0,0,0,0,0,0,1
0,0,0,0,0,0,1
0,0,0,0,0,0,1
0,0,0,0,0,0,1
0,0,0,0,0,0,1
0,0,0,0,0,0,1
0,0,0,0,0,0,1
0,0,0,0,0,0,1
0,0,0,0,0,0,1
0,0,0,0,0,0,1
0,0,0,0,0,0,1
0,0,0,0,0,0,1
0,0,0,0,0,0,1
0,0,0,0,0,0,1
0,0,0,0,0,0,1
0,0,0,0,0,0,1
0,0,0,0,0,0,1
0,0,0,0,0,0,1
0,0,0,0,0,0,1
0,0,0,0,0,0,1
0,0,0,0,0,0,1
0,0,0,0,0,0,1
0,0,0,0,0,0,1
0,0,0,0,0,0,1
0,0,0,0,0,0,1
0,0,0,0,0,0,1
0,0,0,0,0,0,1
0,0,0,0,0,0,1
0,0,0,0,0,0,1
0,0,0,0,0,0,1
0,0,0,0,0,0,1
0,0,0,0,0,0,1
0,0,0,0,0,0,1
0,0,0,0,0,0,1
0,0,0,0,0,0,1
0,0,0,0,0,0,1
0,0,0,0,0,0,1
0,0,0,0,0,0,1
0,0,0,0,0,0,1
0,0,0,0,0,0,1
0,0,0,0,0,0,1
0,0,0,0,0,0,1
0,0,0,0,0,0,1
0,0,0,0,0,0,1
0,0,0,0,0,0,1
0,0,0,0,0,0,1
0,0,0,0,0,0,1
0,0,0,0,0,0,1
0,0,0,0,0,0,1
0,0,0,0,0,0,1
0,0,0,0,0,0,1
0,0,0,0,0,0,1
0,0,0,0,0,0,1
0,0,0,0,0,0,1
0,0,0,0,0,0,1
0,0,0,0,0,0,1
0,0,0,0,0,0,1
0,0,0,0,0,0,1
0,0,0,0,0,0,1
0,0,0,0,0,0,1
0,0,0,0,0,0,1
0,0,0,0,0,0,1
0,0,0,0,0,0,1
0,0,0,0,0,0,1
0,0,0,0,0,0,1
0,0,0,0,0,0,1
0,0,0,0,0,0,1
0,0,0,0,0,0,1
0,0,0,0,0,0,1
0,0,0,0,0,0,1
0,0,0,0,0,0,1
0,0,0,0,0,0,1
0,0,0,0,0,0,1
0,0,0,0,0,0,1
0,0,0,0,0,0,1
0,0,0,0,0,0,1
0,0,0,0,0,0,1
0,0,0,0,0,0,1
0,0,0,0,0,0,1
0,0,0,0,0,0,1
0,0,0,0,0,0,1
0,0,0,0,0,0,1
0,0,0,0,0,0,1
0,0,0,0,0,0,1
0,0,0,0,0,0,1
0,0,0,0,0,0,1
0,0,0,0,0,0,1
0,0,0,0,0,0,1
0,0,0,0,0,0,1
0,0,0,0,0,0,1
0,0,0,0,0,0,1
0,0,0,0,0,0,1
0,0,0,0,0,0,1
0,0,0,0,0,0,1
0,0,0,0,0,0,1
0,0,0,0,0,0,1
0,0,0,0,0,0,1
0,0,0,0,0,0,1
0,0,0,0,0,0,1
0,0,0,0,0,0,1
0,0,0,0,0,0,1
0,0,0,0,0,0,1
0,0,0,0,0,0,1
0,0,0,0,0,0,1
0,0,0,0,0,0,1
0,0,0,0,0,0,1
0,0,0,0,0,0,1
0,0,0,0,0,0,1
0,0,0,0,0,0,1
0,0,0,0,0,0,1
0,0,0,0,0,0,1
0,0,0,0,0,0,1
0,0,0,0,0,0,1
0,0,0,0,0,0,1
0,0,0,0,0,0,1
0,0,0,0,0,0,1
0,0,0,0,0,0,1
0,0,0,0,0,0,1
0,0,0,0,0,0,1
0,0,0,0,0,0,1
0,0,0,0,0,0,1
0,0,0,0,0,0,1
0,0,0,0,0,0,1
0,0,0,0,0,0,1
0,0,0,0,0,0,1
0,0,0,0,0,0,1
0,0,0,0,0,0,1
0,0,0,0,0,0,1
0,0,0,0,0,0,1
0,0,0,0,0,0,1
0,0,0,0,0,0,1
0,0,0,0,0,0,1
0,0,0,0,0,0,1
0,0,0,0,0,0,1
0,0,0,0,0,0,1
0,0,0,0,0,0,1
0,0,0,0,0,0,1
0,0,0,0,0,0,1
0,0,0,0,0,0,1
0,0,0,0,0,0,1
0,0,0,0,0,0,1
0,0,0,0,0,0,1
0,0,0,0,0,0,1
0,0,0,0,0,0,1
0,0,0,0,0,0,1
0,0,0,0,0,0,1
0,0,0,0,0,0,1
0,0,0,0,0,0,1
0,0,0,0,0,0,1
0,0,0,0,0,0,1
0,0,0,0,0,0,1
0,0,0,0,0,0,1
0,0,0,0,0,0,1
0,0,0,0,0,0,1
0,0,0,0,0,0,1
0,0,0,0,0,0,1
0,0,0,0,0,0,1
0,0,0,0,0,0,1
0,0,0,0,0,0,1
0,0,0,0,0,0,1
0,0,0,0,0,0,1
0,0,0,0,0,0,1
0,0,0,0,0,0,1
0,0,0,0,0,0,1
0,0,0,0,0,0,1
0,0,0,0,0,0,1
0,0,0,0,0,0,1
0,0,0,0,0,0,1
0,0,0,0,0,0,1
0,0,0,0,0,0,1
0,0,0,0,0,0,1
0,0,0,0,0,0,1
0,0,0,0,0,0,1
0,0,0,0,0,0,1
0,0,0,0,0,0,1
0,0,0,0,0,0,1
0,0,0,0,0,0,1
0,0,0,0,0,0,1
0,0,0,0,0,0,1
0,0,0,0,0,0,1
0,0,0,0,0,0,1
0,0,0,0,0,0,1
0,0,0,0,0,0,1
0,0,0,0,0,0,1
0,0,0,0,0,0,1
0,0,0,0,0,0,1
0,0,0,0,0,0,1
0,0,0,0,0,0,1
0,0,0,0,0,0,1
0,0,0,0,0,0,1
0,0,0,0,0,0,1
0,0,0,0,0,0,1
0,0,0,0,0,0,1
0,0,0,0,0,0,1
0,0,0,0,0,0,1
0,0,0,0,0,0,1
0,0,0,0,0,0,1
0,0,0,0,0,0,1
0,0,0,0,0,0,1
0,0,0,0,0,0,1
0,0,0,0,0,0,1
0,0,0,0,0,0,1
0,0,0,0,0,0,1
0,0,0,0,0,0,1
0,0,0,0,0,0,1
0,0,0,0,0,0,1
0,0,0,0,0,0,1
0,0,0,0,0,0,1
0,0,0,0,0,0,1
0,0,0,0,0,0,1
0,0,0,0,0,0,1
0,0,0,0,0,0,1
0,0,0,0,0,0,1
0,0,0,0,0,0,1
0,0,0,0,0,0,1
0,0,0,0,0,0,1
0,0,0,0,0,0,1
0,0,0,0,0,0,1
0,0,0,0,0,0,1
0,0,0,0,0,0,1
0,0,0,0,0,0,1
0,0,0,0,0,0,1
0,0,0,0,0,0,1
0,0,0,0,0,0,1
0,0,0,0,0,0,1
0,0,0,0,0,0,1
0,0,0,0,0,0,1
0,0,0,0,0,0,1
0,0,0,0,0,0,1
0,0,0,0,0,0,1
0,0,0,0,0,0,1
0,0,0,0,0,0,1
0,0,0,0,0,0,1
0,0,0,0,0,0,1
0,0,0,0,0,0,1
0,0,0,0,0,0,1
0,0,0,0,0,0,1
0,0,0,0,0,0,1
0,0,0,0,0,0,1
0,0,0,0,0,0,1
0,0,0,0,0,0,1
0,0,0,0,0,0,1
0,0,0,0,0,0,1
0,0,0,0,0,0,1
0,0,0,0,0,0,1
0,0,0,0,0,0,1
0,0,0,0,0,0,1
0,0,0,0,0,0,1
0,0,0,0,0,0,1
0,0,0,0,0,0,1
0,0,0,0,0,0,1
0,0,0,0,0,0,1
0,0,0,0,0,0,1
0,0,0,0,0,0,1
0,0,0,0,0,0,1
0,0,0,0,0,0,1
0,0,0,0,0,0,1
0,0,0,0,0,0,1
0,0,0,0,0,0,1
0,0,0,0,0,0,1
0,0,0,0,0,0,1
0,0,0,0,0,0,1
0,0,0,0,0,0,1
0,0,0,0,0,0,1
0,0,0,0,0,0,1
0,0,0,0,0,0,1
0,0,0,0,0,0,1
0,0,0,0,0,0,1
0,0,0,0,0,0,1
0,0,0,0,0,0,1
0,0,0,0,0,0,1
0,0,0,0,0,0,1
0,0,0,0,0,0,1
0,0,0,0,0,0,1
0,0,0,0,0,0,1
0,0,0,0,0,0,1
0,0,0,0,0,0,1
0,0,0,0,0,0,1
0,0,0,0,0,0,1
0,0,0,0,0,0,1
0,0,0,0,0,0,1
0,0,0,0,0,0,1
0,0,0,0,0,0,1
0,0,0,0,0,0,1
0,0,0,0,0,0,1
0,0,0,0,0,0,1
0,0,0,0,0,0,1
0,0,0,0,0,0,1
0,0,0,0,0,0,1
0,0,0,0,0,0,1
0,0,0,0,0,0,1
0,0,0,0,0,0,1
0,0,0,0,0,0,1
0,0,0,0,0,0,1
0,0,0,0,0,0,1
0,0,0,0,0,0,1
0,0,0,0,0,0,1
0,0,0,0,0,0,1
0,0,0,0,0,0,1
0,0,0,0,0,0,1
0,0,0,0,0,0,1
0,0,0,0,0,0,1
0,0,0,0,0,0,1
0,0,0,0,0,0,1
0,0,0,0,0,0,1
0,0,0,0,0,0,1
0,0,0,0,0,0,1
0,0,0,0,0,0,1
0,0,0,0,0,0,1
0,0,0,0,0,0,1
0,0,0,0,0,0,1
0,0,0,0,0,0,1
0,0,0,0,0,0,1
0,0,0,0,0,0,1
0,0,0,0,0,0,1
0,0,0,0,0,0,1
0,0,0,0,0,0,1
0,0,0,0,0,0,1
0,0,0,0,0,0,1
0,0,0,0,0,0,1
0,0,0,0,0,0,1
0,0,0,0,0,0,1
0,0,0,0,0,0,1
0,0,0,0,0,0,1
0,0,0,0,0,0,1
0,0,0,0,0,0,1
0,0,0,0,0,0,1
0,0,0,0,0,0,1
0,0,0,0,0,0,1
0,0,0,0,0,0,1
0,0,0,0,0,0,1
0,0,0,0,0,0,1
0,0,0,0,0,0,1
0,0,0,0,0,0,1
0,0,0,0,0,0,1
0,0,0,0,0,0,1
0,0,0,0,0,0,1
0,0,0,0,0,0,1
0,0,0,0,0,0,1
0,0,0,0,0,0,1
0,0,0,0,0,0,1
0,0,0,0,0,0,1
0,0,0,0,0,0,1
0,0,0,0,0,0,1
0,0,0,0,0,0,1
0,0,0,0,0,0,1
0,0,0,0,0,0,1
0,0,0,0,0,0,1
0,0,0,0,0,0,1
0,0,0,0,0,0,1
0,0,0,0,0,0,1
0,0,0,0,0,0,1
0,0,0,0,0,0,1
0,0,0,0,0,0,1
0,0,0,0,0,0,1
0,0,0,0,0,0,1
0,0,0,0,0,0,1
0,0,0,0,0,0,1
0,0,0,0,0,0,1
0,0,0,0,0,0,1
0,0,0,0,0,0,1
0,0,0,0,0,0,1
0,0,0,0,0,0,1
0,0,0,0,0,0,1
0,0,0,0,0,0,1
0,0,0,0,0,0,1
0,0,0,0,0,0,1
0,0,0,0,0,0,1
0,0,0,0,0,0,1
0,0,0,0,0,0,1
0,0,0,0,0,0,1
0,0,0,0,0,0,1
0,0,0,0,0,0,1
0,0,0,0,0,0,1
0,0,0,0,0,0,1
0,0,0,0,0,0,1
0,0,0,0,0,0,1
0,0,0,0,0,0,1
0,0,0,0,0,0,1
0,0,0,0,0,0,1
0,0,0,0,0,0,1
0,0,0,0,0,0,1
0,0,0,0,0,0,1
0,0,0,0,0,0,1
0,0,0,0,0,0,1
0,0,0,0,0,0,1
0,0,0,0,0,0,1
0,0,0,0,0,0,1
0,0,0,0,0,0,1
0,0,0,0,0,0,1
0,0,0,0,0,0,1
0,0,0,0,0,0,1
0,0,0,0,0,0,1
0,0,0,0,0,0,1
0,0,0,0,0,0,1
0,0,0,0,0,0,1
0,0,0,0,0,0,1
0,0,0,0,0,0,1
0,0,0,0,0,0,1
0,0,0,0,0,0,1
0,0,0,0,0,0,1
0,0,0,0,0,0,1
0,0,0,0,0,0,1
0,0,0,0,0,0,1
0,0,0,0,0,0,1
0,0,0,0,0,0,1
0,0,0,0,0,0,1
0,0,0,0,0,0,1
0,0,0,0,0,0,1
0,0,0,0,0,0,1
0,0,0,0,0,0,1
0,0,0,0,0,0,1
0,0,0,0,0,0,1
0,0,0,0,0,0,1
0,0,0,0,0,0,1
0,0,0,0,0,0,1
0,0,0,0,0,0,1
0,0,0,0,0,0,1
0,0,0,0,0,0,1
0,0,0,0,0,0,1
0,0,0,0,0,0,1
0,0,0,0,0,0,1
0,0,0,0,0,0,1
0,0,0,0,0,0,1
0,0,0,0,0,0,1
0,0,0,0,0,0,1
0,0,0,0,0,0,1
0,0,0,0,0,0,1
0,0,0,0,0,0,1
0,0,0,0,0,0,1
0,0,0,0,0,0,1
0,0,0,0,0,0,1
0,0,0,0,0,0,1
0,0,0,0,0,0,1
0,0,0,0,0,0,1
0,0,0,0,0,0,1
0,0,0,0,0,0,1
0,0,0,0,0,0,1
0,0,0,0,0,0,1
0,0,0,0,0,0,1
0,0,0,0,0,0,1
0,0,0,0,0,0,1
0,0,0,0,0,0,1
0,0,0,0,0,0,1
0,0,0,0,0,0,1
0,0,0,0,0,0,1
0,0,0,0,0,0,1
0,0,0,0,0,0,1
0,0,0,0,0,0,1
0,0,0,0,0,0,1
0,0,0,0,0,0,1
0,0,0,0,0,0,1
0,0,0,0,0,0,1
0,0,0,0,0,0,1
0,0,0,0,0,0,1
0,0,0,0,0,0,1
0,0,0,0,0,0,1
0,0,0,0,0,0,1
0,0,0,0,0,0,1
0,0,0,0,0,0,1
0,0,0,0,0,0,1
0,0,0,0,0,0,1
0,0,0,0,0,0,1
0,0,0,0,0,0,1
0,0,0,0,0,0,1
0,0,0,0,0,0,1
0,0,0,0,0,0,1
0,0,0,0,0,0,1
0,0,0,0,0,0,1
0,0,0,0,0,0,1
0,0,0,0,0,0,1
0,0,0,0,0,0,1
0,0,0,0,0,0,1
0,0,0,0,0,0,1
0,0,0,0,0,0,1
0,0,0,0,0,0,1
0,0,0,0,0,0,1
0,0,0,0,0,0,1
0,0,0,0,0,0,1
0,0,0,0,0,0,1
0,0,0,0,0,0,1
0,0,0,0,0,0,1
0,0,0,0,0,0,1
0,0,0,0,0,0,1
0,0,0,0,0,0,1
0,0,0,0,0,0,1
0,0,0,0,0,0,1
0,0,0,0,0,0,1
0,0,0,0,0,0,1
0,0,0,0,0,0,1
0,0,0,0,0,0,1
0,0,0,0,0,0,1
0,0,0,0,0,0,1
0,0,0,0,0,0,1
0,0,0,0,0,0,1
0,0,0,0,0,0,1
0,0,0,0,0,0,1
0,0,0,0,0,0,1
0,0,0,0,0,0,1
0,0,0,0,0,0,1
0,0,0,0,0,0,1
0,0,0,0,0,0,1
0,0,0,0,0,0,1
0,0,0,0,0,0,1
0,0,0,0,0,0,1
0,0,0,0,0,0,1
0,0,0,0,0,0,1
0,0,0,0,0,0,1
0,0,0,0,0,0,1
0,0,0,0,0,0,1
0,0,0,0,0,0,1
0,0,0,0,0,0,1
0,0,0,0,0,0,1
0,0,0,0,0,0,1
0,0,0,0,0,0,1
0,0,0,0,0,0,1
0,0,0,0,0,0,1
0,0,0,0,0,0,1
0,0,0,0,0,0,1
0,0,0,0,0,0,1
0,0,0,0,0,0,1
0,0,0,0,0,0,1
0,0,0,0,0,0,1
0,0,0,0,0,0,1
0,0,0,0,0,0,1
0,0,0,0,0,0,1
0,0,0,0,0,0,1
0,0,0,0,0,0,1
0,0,0,0,0,0,1
0,0,0,0,0,0,1
0,0,0,0,0,0,1
0,0,0,0,0,0,1
0,0,0,0,0,0,1
0,0,0,0,0,0,1
0,0,0,0,0,0,1
0,0,0,0,0,0,1
0,0,0,0,0,0,1
0,0,0,0,0,0,1
0,0,0,0,0,0,1
0,0,0,0,0,0,1
0,0,0,0,0,0,1
0,0,0,0,0,0,1
0,0,0,0,0,0,1
0,0,0,0,0,0,1
0,0,0,0,0,0,1
0,0,0,0,0,0,1
0,0,0,0,0,0,1
0,0,0,0,0,0,1
0,0,0,0,0,0,1
0,0,0,0,0,0,1
0,0,0,0,0,0,1
0,0,0,0,0,0,1
0,0,0,0,0,0,1
0,0,0,0,0,0,1
0,0,0,0,0,0,1
0,0,0,0,0,0,1
0,0,0,0,0,0,1
0,0,0,0,0,0,1
0,0,0,0,0,0,1
0,0,0,0,0,0,1
0,0,0,0,0,0,1
0,0,0,0,0,0,1
0,0,0,0,0,0,1
0,0,0,0,0,0,1
0,0,0,0,0,0,1
0,0,0,0,0,0,1
0,0,0,0,0,0,1
0,0,0,0,0,0,1
0,0,0,0,0,0,1
0,0,0,0,0,0,1
480,0,31,0,0,8,1
427,0,32,0,0,17,1
0,0,0,0,0,0,1
0,0,34,0,0,36,1
0,0,43,0,0,45,1
0,0,43,0,0,45,1
0,0,34,0,0,36,1
0,0,43,0,0,45,1
0,0,34,0,0,36,1
0,0,34,0,0,36,1
0,0,31,0,0,38,1
0,0,38,0,0,38,1
0,0,38,0,0,38,1
0,0,38,0,0,38,1
0,0,43,0,0,45,1
0,0,38,0,0,38,1
0,0,47,0,0,47,1
0,0,43,0,0,45,1
0,0,38,0,0,38,1
0,0,34,0,0,36,1
0,0,43,0,0,45,1
0,0,38,0,0,38,1
0,0,34,0,0,36,1
0,0,38,0,0,38,1
0,0,34,0,0,36,1
0,0,43,0,0,45,1
0,0,34,0,0,36,1
0,0,34,0,0,36,1
0,0,43,0,0,45,1
0,0,43,0,0,45,1
0,0,43,0,0,45,1
0,0,34,0,0,36,1
0,0,38,0,0,38,1
0,0,38,0,0,38,1
0,0,43,0,0,45,1
0,0,38,0,0,38,1
0,0,34,0,0,36,1
0,0,34,0,0,36,1
56,0,28,0,0,43,1
0,0,34,0,0,36,1
0,0,38,0,0,38,1
0,0,38,0,0,38,1
0,0,56,0,0,84,1
8,0,57,0,0,29,1
4,0,55,0,0,51,1
314,0,25,0,1,35,1
3,0,42,0,0,67,1
34,0,38,0,0,34,1
0,0,0,0,0,0,1
42,0,41,0,0,36,1
4,0,55,0,0,51,1
42,0,41,0,0,36,1
0,0,0,0,0,0,1
4,0,55,0,0,51,1
0,0,40,0,0,40,1
26,0,43,0,0,60,1
28,0,24,0,0,73,1
54,0,20,0,0,68,1
15,0,29,0,0,36,1
87,0,21,0,0,67,1
0,0,33,0,0,67,1
146,0,24,0,0,37,1
96,0,39,0,0,71,1
174,0,24,0,0,37,1
0,0,0,0,0,0,1
205,0,24,0,0,37,1
0,0,0,0,0,0,1
0,0,44,0,0,59,1
88,0,36,0,2,42,1
85,0,21,0,0,67,1
0,0,33,0,0,67,1
30,0,20,0,1,67,1
30,0,20,0,1,66,1
0,0,0,0,0,0,1
52,0,20,0,1,66,1
30,0,20,0,1,66,1
0,0,0,0,0,0,1
0,0,0,0,0,0,1
10,0,45,0,2,47,1
30,0,20,0,1,66,1
0,0,33,0,0,67,1
52,0,20,0,1,66,1
241,0,35,0,0,35,1
30,0,20,0,1,66,1
0,0,38,0,4,46,1
0,0,43,0,0,45,1
0,0,38,0,0,38,1
0,0,38,0,0,38,1
0,0,0,0,0,0,1
0,0,0,0,0,0,1
144,0,26,0,0,35,1
144,0,27,0,0,35,1
368,0,27,0,0,30,1
144,0,27,0,0,35,1
358,0,26,0,0,38,1
0,0,38,0,0,38,1
368,0,27,0,0,30,1
59,0,39,0,0,29,1
48,0,45,0,0,9,1
59,0,39,0,0,29,1
0,0,0,0,0,0,1
0,0,34,0,0,36,1
0,0,6,0,0,12,1
48,0,45,0,0,14,1
0,0,27,0,6,25,1
48,0,26,0,0,37,1
0,0,40,0,0,80,1
0,0,6,0,0,12,1
6,0,55,0,1,58,1
0,0,28,0,6,23,1
0,0,48,0,4,57,1
0,0,43,0,0,57,1
0,0,50,0,5,65,1
62,0,29,0,0,20,1
0,0,43,0,0,45,1
0,0,40,0,0,40,1
0,0,50,0,5,65,1
0,0,0,0,0,0,1
0,0,50,0,5,65,1
0,0,43,0,0,57,1
0,0,23,0,7,18,1
0,0,38,0,0,38,1
0,0,28,0,6,23,1
0,0,0,0,0,0,1
0,0,40,0,0,40,1
0,0,28,0,6,23,1
0,0,0,0,0,0,1
0,0,0,0,0,0,1
0,0,0,0,0,0,1
0,0,0,0,0,0,1
0,0,0,0,0,0,1
0,0,0,0,0,0,1
0,0,0,0,0,0,1
2,0,63,0,0,89,1
2,0,63,0,0,89,1
2,0,63,0,0,89,1
0,0,0,0,0,0,1
0,0,34,0,0,36,1
141,0,33,0,1,4,1
0,0,50,0,3,40,1
29,0,33,0,0,0,1
89,0,32,0,2,1,1
0,0,0,0,0,0,0
6,0,20,0,0,62,0
6,0,20,0,0,62,0
6,0,19,0,0,71,0
0,0,19,0,0,70,0
0,0,19,0,0,70,0
6,0,19,0,0,71,0
6,0,20,0,0,62,0
6,0,19,0,0,70,0
6,0,20,0,0,62,0
0,0,20,0,0,62,0
6,0,20,0,0,62,0
0,0,19,0,0,70,0
0,0,19,0,0,70,0
6,0,20,0,0,62,0
6,0,19,0,0,70,0
6,0,21,0,0,62,0
6,0,19,0,0,70,0
0,0,18,0,0,71,0
6,0,19,0,0,71,0
6,0,21,0,0,62,0
6,0,20,0,0,62,0
6,0,21,0,0,62,0
107,1,31,0,3,27,0
6,0,20,0,0,62,0
0,0,0,0,0,0,0
6,0,20,0,0,62,0
6,0,19,0,0,71,0
6,0,19,0,0,70,0
6,0,20,0,0,62,0
6,0,19,0,0,71,0
6,0,21,0,0,62,0
6,0,20,0,0,62,0
6,0,20,0,0,62,0
0,0,20,0,0,62,0
6,0,20,0,0,62,0
6,0,19,0,0,70,0
0,0,0,0,0,0,0
6,0,20,0,0,62,0
0,0,19,0,0,70,0
0,0,0,0,0,0,0
0,0,20,0,0,62,0
6,0,19,0,0,70,0
6,0,20,0,0,61,0
6,0,20,0,0,62,0
6,0,19,0,0,70,0
6,0,17,0,0,73,0
6,0,20,0,0,62,0
6,0,20,0,0,62,0
6,0,20,0,0,62,0
6,0,21,0,0,62,0
6,0,19,0,0,71,0
0,0,20,0,0,62,0
6,0,20,0,0,62,0
0,0,19,0,0,70,0
6,0,21,0,0,62,0
6,0,20,0,0,62,0
0,0,20,0,0,62,0
6,0,20,0,0,62,0
0,0,20,0,0,62,0
0,0,20,0,0,62,0
6,0,21,0,0,62,0
0,0,19,0,0,70,0
6,0,20,0,0,62,0
6,0,20,0,0,62,0
6,0,18,0,0,71,0
6,0,20,0,0,62,0
6,0,20,0,0,61,0
6,0,19,0,0,70,0
56,0,35,0,1,38,0
6,0,19,0,0,70,0
6,0,19,0,0,70,0
6,0,19,0,0,70,0
6,0,20,0,0,62,0
0,0,0,0,0,0,0
6,0,20,0,0,62,0
6,0,19,0,0,70,0
0,0,20,0,0,62,0
6,0,21,0,0,62,0
6,0,20,0,0,62,0
6,0,21,0,0,62,0
6,0,22,0,0,56,0
0,0,19,0,0,70,0
0,0,19,0,0,70,0
0,0,0,0,0,0,0
6,0,21,0,0,62,0
0,0,0,0,0,0,0
0,0,20,0,0,62,0
6,0,19,0,0,70,0
47,974,27,0,2,28,0
6,0,19,0,0,70,0
6,0,21,0,0,62,0
6,0,20,0,0,62,0
6,0,21,0,0,62,0
6,0,20,0,0,61,0
6,0,20,0,0,62,0
6,0,20,0,0,62,0
0,0,0,0,0,0,0
6,0,19,0,0,70,0
6,0,20,0,0,62,0
0,0,20,0,0,62,0
6,0,21,0,0,62,0
6,0,19,0,0,70,0
6,0,19,0,0,70,0
0,0,0,0,0,0,0
6,0,20,0,0,62,0
6,0,20,0,0,62,0
6,0,21,0,0,62,0
0,0,20,0,0,62,0
6,0,21,0,0,62,0
6,0,19,0,0,70,0
6,0,20,0,0,62,0
6,0,19,0,0,70,0
6,0,19,0,0,70,0
0,0,20,0,0,62,0
6,0,19,0,0,70,0
0,0,20,0,0,62,0
6,0,20,0,0,62,0
6,0,21,0,0,62,0
6,0,21,0,0,62,0
0,0,20,0,0,62,0
0,0,21,0,0,62,0
6,0,21,0,0,62,0
0,0,21,0,0,62,0
6,0,20,0,0,62,0
6,0,21,0,0,62,0
0,0,19,0,0,70,0
6,0,19,0,0,70,0
6,0,20,0,0,62,0
0,0,19,0,0,70,0
6,0,20,0,0,61,0
6,0,20,0,0,62,0
0,0,19,0,0,70,0
0,0,0,0,0,0,0
0,0,19,0,0,70,0
6,0,20,0,0,62,0
0,0,19,0,0,70,0
6,0,19,0,0,70,0
0,0,31,0,0,24,0
6,0,20,0,0,62,0
6,0,20,0,0,62,0
6,0,19,0,0,71,0
0,0,0,0,0,0,0
604,0,25,0,1,29,0
0,0,0,0,0,0,0
6,0,20,0,0,62,0
0,0,0,0,0,0,0
6,0,19,0,0,70,0
6,0,19,0,0,71,0
0,0,0,0,0,0,0
0,0,21,0,0,62,0
0,0,0,0,0,0,0
6,0,20,0,0,62,0
6,0,21,0,0,62,0
6,0,19,0,0,70,0
0,0,20,0,0,62,0
6,0,20,0,0,62,0
119,0,22,0,3,21,0
0,0,30,0,1,24,0
6,0,19,0,0,70,0
6,0,19,0,0,70,0
0,0,19,0,0,70,0
0,0,19,0,0,70,0
0,0,19,0,0,70,0
6,0,19,0,0,70,0
6,0,21,0,0,62,0
6,0,19,0,0,70,0
6,0,19,0,0,71,0
6,0,20,0,0,61,0
6,0,21,0,0,62,0
0,0,20,0,0,62,0
6,0,21,0,0,62,0
6,0,19,0,0,70,0
0,0,0,0,0,0,0
0,0,0,0,0,0,0
0,0,0,0,0,0,0
0,0,19,0,0,70,0
13,0,26,0,1,30,0
6,0,19,0,0,70,0
6,0,21,0,0,62,0
6,0,19,0,0,70,0
0,0,20,0,0,61,0
6,0,20,0,0,61,0
0,0,20,0,0,62,0
6,0,20,0,0,62,0
6,0,20,0,0,62,0
6,0,20,0,0,62,0
6,0,20,0,0,62,0
0,0,20,0,0,62,0
6,0,20,0,0,62,0
0,0,21,0,0,62,0
6,0,21,0,0,62,0
6,0,19,0,0,70,0
6,0,20,0,0,62,0
6,0,21,0,0,62,0
0,0,0,0,0,0,0
6,0,20,0,0,62,0
6,0,19,0,0,70,0
6,0,20,0,0,62,0
6,0,19,0,0,71,0
0,0,20,0,0,62,0
6,0,19,0,0,71,0
64,0,34,0,1,37,0
6,0,21,0,0,62,0
0,0,20,0,0,62,0
0,0,0,0,0,0,0
6,0,20,0,0,62,0
6,0,20,0,0,62,0
6,0,20,0,0,62,0
6,0,21,0,0,60,0
6,0,19,0,0,71,0
1,0,20,0,0,32,0
6,0,20,0,0,62,0
6,0,21,0,0,62,0
0,0,0,0,0,0,0
6,0,21,0,0,62,0
6,0,20,0,0,62,0
0,0,19,0,0,70,0
6,0,18,0,0,71,0
0,0,20,0,0,62,0
0,0,0,0,0,0,0
56,0,31,0,0,30,0
6,0,19,0,0,70,0
6,0,19,0,0,71,0
0,0,20,0,0,62,0
6,0,20,0,0,62,0
0,0,20,0,0,62,0
6,0,19,0,0,71,0
6,0,21,0,0,62,0
0,0,0,0,0,0,0
0,0,19,0,0,70,0
0,0,19,0,0,71,0
6,0,20,0,0,62,0
6,0,20,0,0,62,0
6,0,19,0,0,71,0
6,0,20,0,0,62,0
0,0,18,0,0,71,0
6,0,20,0,0,62,0
0,0,20,0,0,62,0
6,0,21,0,0,62,0
0,0,20,0,0,62,0
6,0,20,0,0,62,0
6,0,19,0,0,70,0
6,0,20,0,0,62,0
6,0,20,0,0,62,0
6,0,20,0,0,62,0
6,0,20,0,0,62,0
6,0,19,0,0,70,0
6,0,20,0,0,61,0
6,0,20,0,0,62,0
6,0,19,0,0,71,0
0,0,20,0,0,62,0
6,0,21,0,0,62,0
6,0,19,0,0,71,0
0,0,0,0,0,0,0
0,0,20,0,0,62,0
6,0,20,0,0,62,0
6,0,20,0,0,62,0
6,0,19,0,0,70,0
6,0,20,0,0,62,0
0,0,21,0,0,62,0
6,0,19,0,0,70,0
0,0,0,0,0,0,0
6,0,21,0,0,62,0
6,0,20,0,0,62,0
6,0,20,0,0,62,0
0,0,19,0,0,70,0
6,0,20,0,0,62,0
0,0,20,0,0,62,0
6,0,19,0,0,70,0
6,0,21,0,0,62,0
6,0,21,0,0,62,0
6,0,19,0,0,71,0
6,0,20,0,0,62,0
6,0,19,0,0,70,0
0,0,0,0,0,0,0
15,0,20,0,8,22,0
6,0,19,0,0,70,0
6,0,21,0,0,62,0
310,0,29,0,0,30,0
6,0,21,0,0,62,0
6,0,21,0,0,62,0
6,0,21,0,0,62,0
6,0,20,0,0,62,0
6,0,20,0,0,62,0
6,0,21,0,0,62,0
6,0,19,0,0,70,0
6,0,20,0,0,62,0
0,0,19,0,0,70,0
0,0,0,0,0,0,0
6,0,19,0,0,71,0
0,0,19,0,0,70,0
0,0,20,0,0,62,0
0,0,0,0,0,0,0
6,0,21,0,0,62,0
6,0,19,0,0,70,0
0,0,0,0,0,0,0
0,0,20,0,0,62,0
6,0,21,0,0,62,0
0,0,19,0,0,70,0
0,0,20,0,0,62,0
6,0,20,0,0,61,0
6,0,21,0,0,62,0
0,0,19,0,0,70,0
0,0,19,0,0,70,0
6,0,20,0,0,61,0
6,0,20,0,0,62,0
6,0,20,0,0,62,0
6,0,20,0,0,62,0
6,0,19,0,0,71,0
10,0,27,0,1,30,0
6,0,19,0,0,70,0
6,0,19,0,0,71,0
16,0,31,0,1,21,0
6,0,21,0,0,62,0
6,0,21,0,0,62,0
0,0,19,0,0,70,0
0,0,20,0,0,62,0
0,0,19,0,0,70,0
5,0,30,0,0,32,0
6,0,20,0,0,62,0
0,0,20,0,0,62,0
0,0,20,0,0,62,0
6,0,19,0,0,70,0
6,0,19,0,0,70,0
0,0,19,0,0,70,0
5,0,23,0,1,52,0
6,0,21,0,0,62,0
0,0,20,0,0,62,0
0,0,20,0,0,62,0
6,0,20,0,0,62,0
6,0,19,0,0,70,0
0,0,0,0,0,0,0
6,0,21,0,0,62,0
6,0,19,0,0,70,0
6,0,20,0,0,62,0
6,0,20,0,0,62,0
0,0,19,0,0,70,0
6,0,19,0,0,70,0
10,0,30,0,1,29,0
0,0,21,0,0,62,0
6,0,21,0,0,62,0
0,0,20,0,0,62,0
6,0,21,0,0,62,0
0,0,20,0,0,62,0
0,0,20,0,0,61,0
6,0,20,0,0,62,0
0,0,19,0,0,70,0
6,0,20,0,0,62,0
6,0,21,0,0,62,0
6,0,21,0,0,62,0
6,0,20,0,0,62,0
6,0,20,0,0,62,0
6,0,19,0,0,71,0
6,0,19,0,0,70,0
6,0,20,0,0,62,0
0,0,36,0,0,42,0
6,0,21,0,0,62,0
0,0,19,0,0,70,0
6,0,21,0,0,62,0
0,0,19,0,0,70,0
6,0,18,0,0,71,0
6,0,20,0,0,61,0
18,0,29,0,1,26,0
6,0,19,0,0,71,0
0,0,0,0,0,0,0
6,0,19,0,0,70,0
6,0,20,0,0,62,0
0,0,20,0,0,62,0
6,0,21,0,0,62,0
6,0,20,0,0,62,0
0,0,20,0,0,62,0
0,0,21,0,0,62,0
6,0,20,0,0,62,0
6,0,19,0,0,71,0
0,0,20,0,0,62,0
6,0,20,0,0,62,0
6,0,19,0,0,71,0
6,0,20,0,0,62,0
6,0,19,0,0,70,0
6,0,21,0,0,62,0
6,0,20,0,0,62,0
6,0,20,0,0,62,0
6,0,19,0,0,70,0
0,0,0,0,0,0,0
6,0,20,0,0,62,0
6,0,19,0,0,70,0
6,0,19,0,0,70,0
6,0,20,0,0,62,0
6,0,19,0,0,70,0
6,0,20,0,0,62,0
6,0,19,0,0,70,0
6,0,20,0,0,62,0
6,0,19,0,0,71,0
0,0,20,0,0,62,0
6,0,18,0,0,71,0
6,0,20,0,0,62,0
6,0,20,0,0,62,0
6,0,19,0,0,70,0
6,0,21,0,0,62,0
6,0,21,0,0,62,0
6,0,20,0,0,62,0
6,0,21,0,0,62,0
0,0,0,0,0,0,0
6,0,20,0,0,62,0
6,0,20,0,0,62,0
0,0,0,0,0,0,0
0,0,0,0,0,0,0
0,0,19,0,0,70,0
6,0,21,0,0,62,0
0,0,0,0,0,0,0
6,0,19,0,0,70,0
6,0,19,0,0,71,0
6,0,19,0,0,70,0
6,0,19,0,0,70,0
6,0,20,0,0,62,0
0,0,20,0,0,61,0
0,0,0,0,0,0,0
6,0,19,0,0,70,0
6,0,19,0,0,70,0
6,0,19,0,0,71,0
6,0,20,0,0,62,0
0,0,0,0,0,0,0
8,0,29,0,1,31,0
6,0,21,0,0,62,0
6,0,21,0,0,61,0
6,0,19,0,0,70,0
6,0,18,0,0,71,0
6,0,20,0,0,62,0
0,0,21,0,0,62,0
6,0,20,0,0,62,0
0,0,20,0,0,62,0
6,0,20,0,0,61,0
0,0,0,0,0,0,0
6,0,19,0,0,70,0
6,0,19,0,0,71,0
6,0,20,0,0,62,0
6,0,21,0,0,62,0
6,0,21,0,0,62,0
0,0,0,0,0,0,0
6,0,21,0,0,62,0
6,0,19,0,0,70,0
6,0,20,0,0,62,0
6,0,21,0,0,62,0
6,0,20,0,0,62,0
6,0,19,0,0,70,0
6,0,20,0,0,62,0
0,0,0,0,0,0,0
6,0,21,0,0,62,0
0,0,0,0,0,0,0
0,0,0,0,0,0,0
6,0,20,0,0,62,0
6,0,19,0,0,70,0
0,0,19,0,0,70,0
6,0,20,0,0,62,0
6,0,21,0,0,62,0
0,0,19,0,0,70,0
7,0,30,0,1,31,0
6,0,21,0,0,62,0
6,0,19,0,0,71,0
0,0,0,0,0,0,0
0,0,19,0,0,70,0
0,0,19,0,0,70,0
6,0,19,0,0,71,0
6,0,21,0,0,61,0
6,0,20,0,0,62,0
6,0,19,0,0,70,0
6,0,20,0,0,62,0
6,0,20,0,0,62,0
6,0,20,0,0,62,0
6,0,20,0,0,62,0
6,0,20,0,0,62,0
0,0,0,0,0,0,0
6,0,19,0,0,70,0
0,0,20,0,0,62,0
6,0,19,0,0,71,0
0,0,20,0,0,62,0
6,0,20,0,0,62,0
6,0,20,0,0,62,0
0,0,20,0,0,62,0
6,0,20,0,0,62,0
6,0,19,0,0,70,0
6,0,18,0,0,71,0
6,0,20,0,0,62,0
0,0,0,0,0,0,0
6,0,20,0,0,62,0
0,0,33,0,0,42,0
6,0,21,0,0,61,0
0,0,20,0,0,62,0
6,0,20,0,0,62,0
0,0,19,0,0,70,0
6,0,20,0,0,61,0
27,0,31,0,1,35,0
6,0,20,0,0,62,0
0,0,20,0,0,62,0
0,0,21,0,0,62,0
0,0,20,0,0,33,0
0,0,20,0,0,62,0
6,0,21,0,0,62,0
0,0,0,0,0,0,0
6,0,20,0,0,62,0
6,0,21,0,0,62,0
6,0,20,0,0,62,0
6,0,20,0,0,62,0
6,0,20,0,0,62,0
6,0,19,0,0,71,0
6,0,19,0,0,71,0
6,0,21,0,0,62,0
6,0,21,0,0,62,0
0,0,0,0,0,0,0
6,0,20,0,0,62,0
0,0,0,0,0,0,0
6,0,18,0,0,71,0
6,0,20,0,0,62,0
0,0,20,0,0,62,0
0,0,0,0,0,0,0
0,0,20,0,0,62,0
0,0,20,0,0,62,0
6,0,20,0,0,62,0
12,0,28,0,1,29,0
6,0,20,0,0,62,0
6,0,20,0,0,62,0
6,0,20,0,0,62,0
6,0,20,0,0,62,0
6,0,21,0,0,62,0
6,0,19,0,0,70,0
6,0,20,0,0,62,0
0,0,19,0,0,70,0
6,0,20,0,0,62,0
0,0,19,0,0,70,0
6,0,20,0,0,61,0
6,0,21,0,0,62,0
10,0,23,0,0,30,0
0,0,20,0,0,62,0
6,0,19,0,0,70,0
6,0,19,0,0,70,0
0,0,19,0,0,70,0
6,0,19,0,0,70,0
6,0,21,0,0,62,0
6,0,21,0,0,60,0
0,0,20,0,0,62,0
6,0,20,0,0,62,0
17,0,30,0,1,23,0
6,0,20,0,0,62,0
6,0,20,0,0,62,0
6,0,19,0,0,71,0
6,0,21,0,0,62,0
6,0,18,0,0,71,0
6,0,19,0,0,71,0
6,0,21,0,0,62,0
11,0,26,0,1,30,0
0,0,19,0,0,70,0
0,0,20,0,0,62,0
0,0,19,0,0,70,0
6,0,19,0,0,71,0
0,0,19,0,0,70,0
6,0,21,0,0,62,0
6,0,20,0,0,61,0
0,0,0,0,0,0,0
6,0,19,0,0,70,0
6,0,19,0,0,70,0
0,0,20,0,0,62,0
0,0,20,0,0,62,0
6,0,20,0,0,61,0
6,0,20,0,0,62,0
0,0,19,0,0,70,0
0,0,0,0,0,0,0
6,0,17,0,0,72,0
6,0,19,0,0,70,0
6,0,20,0,0,62,0
0,0,19,0,0,70,0
6,0,20,0,0,62,0
23,0,30,0,1,34,0
6,0,20,0,0,62,0
6,0,21,0,0,62,0
6,0,20,0,0,62,0
0,0,20,0,0,62,0
6,0,20,0,0,62,0
6,0,19,0,0,70,0
0,0,19,0,0,70,0
6,0,20,0,0,62,0
0,0,20,0,0,62,0
6,0,19,0,0,70,0
6,0,19,0,0,70,0
0,0,20,0,0,62,0
0,0,20,0,0,62,0
6,0,19,0,0,70,0
6,0,20,0,0,62,0
6,0,19,0,0,70,0
0,0,20,0,0,62,0
6,0,19,0,0,71,0
6,0,19,0,0,71,0
0,0,20,0,0,62,0
0,0,27,0,2,34,0
0,0,19,0,0,70,0
6,0,20,0,0,62,0
0,0,19,0,0,70,0
6,0,19,0,0,71,0
6,0,20,0,0,62,0
6,0,19,0,0,71,0
6,0,21,0,0,62,0
0,0,0,0,0,0,0
6,0,19,0,0,70,0
0,0,37,0,0,56,0
6,0,21,0,0,62,0
6,0,19,0,0,70,0
6,0,21,0,0,62,0
0,0,19,0,0,70,0
6,0,20,0,0,62,0
0,0,20,0,0,62,0
6,0,19,0,0,71,0
0,0,19,0,0,70,0
6,0,18,0,0,71,0
6,0,21,0,0,62,0
6,0,20,0,0,62,0
6,0,19,0,0,70,0
6,0,20,0,0,62,0
6,0,21,0,0,62,0
0,0,19,0,0,72,0
0,0,19,0,0,70,0
0,0,20,0,0,62,0
0,0,0,0,0,0,0
6,0,20,0,0,61,0
0,0,20,0,0,62,0
0,0,20,0,0,62,0
6,0,21,0,0,61,0
6,0,20,0,0,61,0
0,0,0,0,0,0,0
6,0,19,0,0,70,0
6,0,21,0,0,62,0
6,0,21,0,0,62,0
6,0,20,0,0,62,0
6,0,19,0,0,70,0
6,0,21,0,0,62,0
6,0,19,0,0,70,0
6,0,21,0,0,62,0
6,0,20,0,0,62,0
6,0,20,0,0,62,0
0,0,19,0,0,70,0
0,0,0,0,0,0,0
6,0,20,0,0,61,0
18,0,30,0,1,25,0
6,0,20,0,0,62,0
6,0,20,0,0,62,0
0,0,0,0,0,0,0
6,0,20,0,0,62,0
6,0,21,0,0,62,0
98,0,37,0,0,37,0
0,0,19,0,0,70,0
6,0,20,0,0,62,0
6,0,21,0,0,62,0
6,0,20,0,0,62,0
6,0,19,0,0,71,0
0,0,20,0,0,62,0
0,0,0,0,0,0,0
6,0,21,0,0,62,0
6,0,20,0,0,62,0
6,0,20,0,0,62,0
6,0,21,0,0,62,0
0,0,19,0,0,70,0
0,0,19,0,0,70,0
0,0,19,0,0,72,0
6,0,21,0,0,62,0
6,0,21,0,0,62,0
6,0,20,0,0,62,0
6,0,21,0,0,62,0
53,0,33,0,0,28,0
6,0,21,0,0,62,0
6,0,19,0,0,70,0
6,0,20,0,0,62,0
0,0,21,0,0,62,0
0,0,0,0,0,0,0
6,0,21,0,0,62,0
6,0,20,0,0,62,0
6,0,20,0,0,61,0
6,0,20,0,0,62,0
0,0,0,0,0,0,0
0,0,20,0,0,62,0
0,0,20,0,0,62,0
0,0,21,0,0,62,0
0,0,19,0,0,71,0
6,0,21,0,0,62,0
0,0,19,0,0,70,0
6,0,19,0,0,70,0
0,0,21,0,0,62,0
6,0,21,0,0,62,0
6,0,20,0,0,62,0
0,0,20,0,0,62,0
6,0,19,0,0,70,0
6,0,20,0,0,62,0
6,0,20,0,0,62,0
10,0,29,0,1,30,0
0,0,19,0,0,70,0
6,0,19,0,0,70,0
0,0,31,0,1,38,0
0,0,20,0,0,61,0
0,0,19,0,0,70,0
0,0,21,0,0,62,0
0,0,19,0,0,70,0
6,0,19,0,0,71,0
0,0,20,0,0,62,0
0,0,20,0,0,62,0
22,0,29,0,0,24,0
0,0,20,0,0,62,0
6,0,21,0,0,62,0
0,0,19,0,0,70,0
0,0,19,0,0,70,0
0,0,19,0,0,70,0
0,0,20,0,0,62,0
6,0,18,0,0,71,0
0,0,19,0,0,70,0
6,0,20,0,0,62,0
6,0,20,0,0,62,0
0,0,21,0,0,62,0
6,0,20,0,0,62,0
0,0,19,0,0,70,0
6,0,19,0,0,70,0
6,0,20,0,0,62,0
6,0,20,0,0,62,0
0,0,19,0,0,70,0
6,0,20,0,0,62,0
6,0,22,0,0,55,0
6,0,20,0,0,62,0
0,0,20,0,0,62,0
6,0,20,0,0,62,0
6,0,20,0,0,62,0
6,0,19,0,0,70,0
0,0,31,0,1,24,0
6,0,18,0,0,71,0
6,0,19,0,0,70,0
6,0,19,0,0,71,0
0,0,20,0,0,62,0
6,0,20,0,0,62,0
6,0,21,0,0,62,0
0,0,0,0,0,0,0
0,0,21,0,0,62,0
0,0,20,0,0,62,0
0,0,0,0,0,0,0
6,0,21,0,0,62,0
0,0,0,0,0,0,0
0,0,20,0,0,62,0
6,0,19,0,0,70,0
6,0,19,0,0,71,0
6,0,19,0,0,71,0
6,0,20,0,0,62,0
6,0,18,0,0,71,0
6,0,21,0,0,62,0
6,0,19,0,0,70,0
6,0,20,0,0,62,0
6,0,20,0,0,62,0
0,0,0,0,0,0,0
6,0,20,0,0,62,0
6,0,21,0,0,62,0
6,0,19,0,0,70,0
6,0,19,0,0,70,0
6,0,20,0,0,62,0
0,0,20,0,0,62,0
6,0,20,0,0,62,0
6,0,20,0,0,62,0
6,0,19,0,0,71,0
6,0,20,0,0,62,0
6,0,19,0,0,70,0
0,0,19,0,0,70,0
6,0,19,0,0,71,0
6,0,20,0,0,62,0
6,0,20,0,0,62,0
6,0,20,0,0,62,0
6,0,20,0,0,62,0
6,0,19,0,0,71,0
0,0,19,0,0,70,0
6,0,21,0,0,62,0
6,0,20,0,0,61,0
6,0,21,0,0,61,0
6,0,20,0,0,62,0
6,0,20,0,0,62,0
6,0,21,0,0,62,0
0,0,19,0,0,70,0
6,0,20,0,0,62,0
6,0,20,0,0,62,0
6,0,20,0,0,62,0
0,0,22,0,1,32,0
0,0,21,0,0,62,0
6,0,21,0,0,62,0
0,0,19,0,0,70,0
6,0,19,0,0,71,0
6,0,20,0,0,62,0
13,0,26,0,1,30,0
6,0,20,0,0,62,0
0,0,19,0,0,70,0
0,0,20,0,0,62,0
0,0,19,0,0,70,0
6,0,20,0,0,62,0
6,0,21,0,0,62,0
6,0,18,0,0,71,0
6,0,19,0,0,71,0
6,0,20,0,0,62,0
6,0,19,0,0,70,0
6,0,19,0,0,70,0
6,0,20,0,0,62,0
0,0,20,0,0,62,0
0,0,0,0,0,0,0
6,0,21,0,0,62,0
6,0,21,0,0,62,0
6,0,20,0,0,62,0
6,0,21,0,0,62,0
6,0,19,0,0,70,0
0,0,20,0,0,62,0
0,0,19,0,0,70,0
6,0,19,0,0,71,0
0,0,20,0,0,62,0
6,0,20,0,0,62,0
0,0,19,0,0,70,0
6,0,20,0,0,62,0
6,0,20,0,0,62,0
0,0,19,0,0,70,0
0,0,0,0,0,0,0
0,0,19,0,0,70,0
6,0,19,0,0,71,0
6,0,20,0,0,62,0
6,0,19,0,0,70,0
6,0,20,0,0,62,0
6,0,20,0,0,61,0
0,0,19,0,0,70,0
6,0,21,0,0,62,0
0,0,0,0,0,0,0
6,0,20,0,0,62,0
0,0,20,0,0,62,0
6,0,21,0,0,62,0
0,0,0,0,0,0,0
0,0,21,0,0,62,0
6,0,20,0,0,62,0
6,0,20,0,0,62,0
0,0,19,0,0,70,0
6,0,19,0,0,70,0
0,0,0,0,0,0,0
6,0,18,0,0,71,0
6,0,20,0,0,61,0
0,0,0,0,0,0,0
6,0,21,0,0,62,0
6,0,19,0,0,71,0
6,0,19,0,0,70,0
0,0,19,0,0,72,0
6,0,20,0,0,62,0
6,0,20,0,0,62,0
6,0,18,0,0,71,0
0,0,20,0,0,62,0
6,0,20,0,0,62,0
6,0,20,0,0,62,0
6,0,19,0,0,71,0
6,0,20,0,0,62,0
6,0,19,0,0,70,0
12,0,27,0,1,30,0
10,0,28,0,1,30,0
6,0,19,0,0,70,0
6,0,18,0,0,71,0
0,0,21,0,0,62,0
6,0,20,0,0,62,0
6,0,18,0,0,71,0
6,0,20,0,0,62,0
6,0,19,0,0,71,0
6,0,21,0,0,62,0
0,0,21,0,0,62,0
0,0,19,0,0,70,0
0,0,0,0,0,0,0
6,0,19,0,0,70,0
6,0,20,0,0,62,0
6,0,20,0,0,62,0
0,0,0,0,0,0,0
6,0,20,0,0,62,0
6,0,19,0,0,70,0
6,0,19,0,0,71,0
6,0,19,0,0,71,0
6,0,19,0,0,71,0
6,0,21,0,0,62,0
6,0,21,0,0,62,0
0,0,20,0,0,62,0
0,0,0,0,0,0,0
0,0,19,0,0,70,0
6,0,21,0,0,62,0
6,0,19,0,0,70,0
6,0,19,0,0,70,0
6,0,21,0,0,62,0
6,0,20,0,0,62,0
6,0,20,0,0,62,0
6,0,19,0,0,71,0
6,0,20,0,0,62,0
6,0,19,0,0,70,0
0,0,19,0,0,70,0
0,0,20,0,0,62,0
6,0,19,0,0,70,0
6,0,19,0,0,71,0
0,0,20,0,0,62,0
17,0,30,0,1,21,0
6,0,20,0,0,62,0
6,0,19,0,0,70,0
0,0,19,0,0,71,0
6,0,20,0,0,62,0
0,0,0,0,0,0,0
0,0,0,0,0,0,0
1,0,26,0,2,30,0
6,0,19,0,0,70,0
6,0,19,0,0,71,0
6,0,20,0,0,62,0
6,0,20,0,0,62,0
6,0,20,0,0,62,0
0,0,20,0,0,62,0
6,0,20,0,0,62,0
6,0,20,0,0,62,0
6,0,21,0,0,62,0
6,0,21,0,0,62,0
6,0,20,0,0,62,0
0,0,20,0,0,62,0
6,0,20,0,0,62,0
6,0,20,0,0,62,0
6,0,20,0,0,61,0
6,0,19,0,0,70,0
0,0,19,0,0,70,0
6,0,20,0,0,62,0
6,0,21,0,0,62,0
6,0,20,0,0,61,0
6,0,20,0,0,62,0
6,0,21,0,0,62,0
6,0,21,0,0,62,0
7,0,29,0,1,31,0
6,0,20,0,0,62,0
0,0,20,0,0,62,0
6,0,19,0,0,70,0
6,0,20,0,0,62,0
6,0,21,0,0,62,0
6,0,19,0,0,71,0
6,0,20,0,0,62,0
0,0,20,0,0,62,0
0,0,20,0,0,62,0
6,0,20,0,0,62,0
6,0,20,0,0,62,0
0,0,19,0,0,70,0
6,0,19,0,0,70,0
6,0,20,0,0,62,0
0,0,19,0,0,70,0
6,0,19,0,0,71,0
0,0,20,0,0,62,0
6,0,20,0,0,62,0
0,0,0,0,0,0,0
0,0,19,0,0,70,0
6,0,19,0,0,70,0
0,0,19,0,0,70,0
6,0,20,0,0,62,0
6,0,21,0,0,62,0
0,0,21,0,0,62,0
0,0,0,0,0,0,0
0,0,19,0,0,70,0
0,0,20,0,0,62,0
0,0,19,0,0,70,0
6,0,19,0,0,71,0
6,0,21,0,0,62,0
0,0,20,0,0,62,0
0,0,19,0,0,70,0
6,0,19,0,0,70,0
0,0,0,0,0,0,0
0,0,19,0,0,70,0
6,0,19,0,0,70,0
0,0,0,0,0,0,0
6,0,20,0,0,62,0
6,0,19,0,0,71,0
6,0,20,0,0,62,0
6,0,21,0,0,62,0
6,0,20,0,0,62,0
0,0,0,0,0,0,0
6,0,21,0,0,62,0
0,0,19,0,0,71,0
6,0,21,0,0,62,0
6,0,19,0,0,70,0
6,0,19,0,0,70,0
18,0,30,0,1,25,0
6,0,20,0,0,62,0
0,0,20,0,0,62,0
0,0,19,0,0,70,0
0,0,0,0,0,0,0
6,0,20,0,0,62,0
6,0,19,0,0,70,0
0,0,20,0,0,62,0
0,0,19,0,0,70,0
0,0,20,0,0,62,0
6,0,20,0,0,62,0
0,0,19,0,0,70,0
6,0,20,0,0,62,0
0,0,19,0,0,70,0
6,0,21,0,0,62,0
0,0,19,0,0,70,0
0,0,0,0,0,0,0
0,0,20,0,0,62,0
6,0,20,0,0,62,0
6,0,21,0,0,62,0
24,0,27,0,1,23,0
0,0,19,0,0,70,0
0,0,0,0,0,0,0
0,0,20,0,0,62,0
6,0,20,0,0,61,0
6,0,20,0,0,62,0
0,0,0,0,0,0,0
6,0,21,0,0,62,0
6,0,20,0,0,62,0
1,0,25,0,1,40,0
6,0,21,0,0,62,0
6,0,19,0,0,70,0
6,0,18,0,0,71,0
6,0,20,0,0,62,0
0,0,0,0,0,0,0
6,0,20,0,0,62,0
6,0,19,0,0,70,0
0,0,21,0,0,62,0
6,0,21,0,0,62,0
6,0,20,0,0,61,0
2,0,29,0,2,31,0
0,0,19,0,0,70,0
6,0,21,0,0,62,0
6,0,20,0,0,62,0
0,0,31,0,0,58,0
6,0,19,0,0,71,0
0,0,20,0,0,61,0
6,0,20,0,0,62,0
6,0,19,0,0,70,0
6,0,20,0,0,62,0
6,0,20,0,0,62,0
0,0,20,0,0,62,0
6,0,20,0,0,62,0
6,0,19,0,0,70,0
6,0,20,0,0,62,0
0,0,20,0,0,62,0
0,0,0,0,0,0,0
6,0,20,0,0,62,0
6,0,21,0,0,62,0
0,0,20,0,0,62,0
6,0,21,0,0,62,0
0,0,0,0,0,0,0
6,0,21,0,0,62,0
0,0,20,0,0,62,0
6,0,19,0,0,71,0
6,0,20,0,0,62,0
9,0,30,0,1,29,0
6,0,19,0,0,71,0
0,0,20,0,0,62,0
5,0,23,0,0,31,0
6,0,19,0,0,70,0
6,0,19,0,0,71,0
6,0,19,0,0,70,0
0,0,20,0,0,62,0
0,0,0,0,0,0,0
6,0,19,0,0,70,0
0,0,19,0,0,70,0
0,0,20,0,0,62,0
0,0,20,0,0,62,0
6,0,21,0,0,62,0
6,0,20,0,0,60,0
6,0,20,0,0,62,0
0,0,19,0,0,70,0
0,0,0,0,0,0,0
6,0,20,0,0,62,0
6,0,19,0,0,70,0
6,0,19,0,0,70,0
6,0,19,0,0,70,0
0,0,20,0,0,61,0
0,0,21,0,0,62,0
6,0,19,0,0,70,0
6,0,18,0,0,71,0
6,0,21,0,0,62,0
6,0,20,0,0,62,0
6,0,21,0,0,62,0
6,0,21,0,0,62,0
0,0,0,0,0,0,0
6,0,20,0,0,62,0
6,0,20,0,0,62,0
6,0,20,0,0,62,0
6,0,19,0,0,70,0
6,0,19,0,0,70,0
6,0,21,0,0,62,0
6,0,21,0,0,62,0
0,0,0,0,0,0,0
6,0,20,0,0,62,0
6,0,21,0,0,62,0
0,0,20,0,0,62,0
0,0,21,0,0,62,0
6,0,19,0,0,70,0
0,0,0,0,0,0,0
1,0,30,0,2,26,0
6,0,20,0,0,62,0
6,0,19,0,0,70,0
6,0,20,0,0,62,0
0,0,0,0,0,0,0
6,0,20,0,0,62,0
6,0,19,0,0,70,0
6,0,19,0,0,70,0
6,0,21,0,0,62,0
6,0,20,0,0,62,0
0,0,20,0,0,62,0
6,0,20,0,0,62,0
6,0,20,0,0,62,0
6,0,19,0,0,71,0
6,0,20,0,0,62,0
6,0,19,0,0,71,0
0,0,20,0,0,62,0
6,0,20,0,0,62,0
6,0,20,0,0,62,0
6,0,20,0,0,62,0
6,0,21,0,0,62,0
6,0,21,0,0,62,0
0,0,20,0,0,62,0
0,0,19,0,0,70,0
0,0,0,0,0,0,0
0,0,0,0,0,0,0
0,0,20,0,0,62,0
6,0,20,0,0,62,0
6,0,19,0,0,70,0
6,0,20,0,0,62,0
0,0,20,0,0,62,0
6,0,19,0,0,71,0
6,0,21,0,0,62,0
6,0,19,0,0,71,0
6,0,20,0,0,62,0
6,0,19,0,0,70,0
6,0,19,0,0,71,0
0,0,19,0,0,70,0
0,0,0,0,0,0,0
6,0,21,0,0,62,0
0,0,21,0,0,62,0
0,0,20,0,0,62,0
0,0,0,0,0,0,0
6,0,21,0,0,62,0
6,0,18,0,0,71,0
6,0,21,0,0,62,0
6,0,21,0,0,62,0
6,0,19,0,0,70,0
6,0,20,0,0,62,0
4,0,29,0,2,26,0
0,0,20,0,0,62,0
6,0,21,0,0,62,0
6,0,20,0,0,62,0
6,0,19,0,0,71,0
6,0,21,0,0,62,0
6,0,19,0,0,70,0
0,0,20,0,0,62,0
6,0,21,0,0,62,0
6,0,21,0,0,62,0
13,0,26,0,1,30,0
6,0,21,0,0,62,0
6,0,20,0,0,62,0
6,0,20,0,0,62,0
6,0,20,0,0,62,0
0,0,20,0,0,62,0
6,0,21,0,0,62,0
0,0,20,0,0,62,0
6,0,19,0,0,70,0
6,0,20,0,0,62,0
6,0,19,0,0,71,0
6,0,20,0,0,62,0
0,0,20,0,0,62,0
6,0,20,0,0,62,0
6,0,20,0,0,61,0
6,0,20,0,0,61,0
0,0,0,0,0,0,0
6,0,20,0,0,62,0
0,0,20,0,0,62,0
0,0,20,0,0,62,0
0,0,20,0,0,62,0
6,0,21,0,0,62,0
6,0,20,0,0,62,0
6,0,19,0,0,70,0
4,0,34,0,0,35,0
6,0,19,0,0,70,0
6,0,20,0,0,62,0
6,0,20,0,0,62,0
6,0,21,0,0,62,0
0,0,21,0,0,62,0
0,0,19,0,0,70,0
0,0,19,0,0,71,0
6,0,19,0,0,70,0
0,0,19,0,0,70,0
0,0,20,0,0,62,0
6,0,20,0,0,62,0
0,0,19,0,0,70,0
6,0,21,0,0,62,0
6,0,19,0,0,71,0
6,0,17,0,0,76,0
6,0,20,0,0,62,0
6,0,21,0,0,62,0
0,0,0,0,0,0,0
6,0,20,0,0,62,0
6,0,20,0,0,61,0
0,0,20,0,0,62,0
21,0,28,0,1,23,0
0,0,0,0,0,0,0
6,0,20,0,0,62,0
6,0,19,0,0,70,0
6,0,20,0,0,62,0
0,0,19,0,0,70,0
6,0,21,0,0,62,0
0,0,0,0,0,0,0
6,0,21,0,0,62,0
0,0,19,0,0,70,0
6,0,20,0,0,62,0
6,0,20,0,0,62,0
6,0,19,0,0,70,0
6,0,20,0,0,62,0
6,0,20,0,0,62,0
6,0,21,0,0,62,0
6,0,20,0,0,62,0
6,0,19,0,0,70,0
6,0,19,0,0,71,0
6,0,21,0,0,62,0
6,0,20,0,0,62,0
6,0,18,0,0,71,0
6,0,19,0,0,70,0
6,0,20,0,0,62,0
6,0,20,0,0,62,0
6,0,20,0,0,62,0
6,0,18,0,0,71,0
6,0,19,0,0,71,0
6,0,20,0,0,62,0
0,0,19,0,0,70,0
6,0,20,0,0,62,0
0,0,20,0,0,62,0
6,0,20,0,0,61,0
44,449,26,0,1,29,0
0,0,0,0,0,0,0
0,0,0,0,0,0,0
0,0,0,0,0,0,0
0,0,19,0,0,70,0
6,0,20,0,0,62,0
6,0,19,0,0,71,0
6,0,19,0,0,70,0
0,0,0,0,0,0,0
6,0,19,0,0,70,0
6,0,21,0,0,62,0
6,0,19,0,0,70,0
6,0,19,0,0,71,0
6,0,21,0,0,62,0
6,0,20,0,0,62,0
6,0,18,0,0,71,0
0,0,20,0,0,62,0
6,0,19,0,0,70,0
6,0,21,0,0,62,0
10,0,28,0,1,30,0
0,0,19,0,0,70,0
6,0,21,0,0,62,0
6,0,20,0,0,62,0
6,0,19,0,0,71,0
0,0,20,0,0,62,0
6,0,20,0,0,62,0
0,0,20,0,0,62,0
2,0,31,0,0,53,0
6,0,20,0,0,62,0
0,0,0,0,0,0,0
6,0,19,0,0,71,0
0,0,20,0,0,62,0
6,0,20,0,0,62,0
6,0,20,0,0,62,0
0,0,19,0,0,70,0
6,0,20,0,0,62,0
0,0,0,0,0,0,0
6,0,21,0,0,62,0
6,0,20,0,0,62,0
0,0,0,0,0,0,0
6,0,20,0,0,62,0
0,0,0,0,0,0,0
6,0,20,0,0,62,0
6,0,20,0,0,62,0
6,0,20,0,0,62,0
0,0,19,0,0,70,0
6,0,20,0,0,61,0
6,0,20,0,0,61,0
0,0,0,0,0,0,0
138,0,24,0,4,20,0
0,0,19,0,0,70,0
0,0,0,0,0,0,0
6,0,20,0,0,62,0
0,0,20,0,0,62,0
6,0,19,0,0,70,0
0,0,19,0,0,70,0
6,0,20,0,0,61,0
6,0,21,0,0,62,0
0,0,19,0,0,70,0
6,0,20,0,0,62,0
0,0,19,0,0,70,0
6,0,19,0,0,70,0
0,0,19,0,0,70,0
6,0,21,0,0,62,0
6,0,20,0,0,62,0
6,0,21,0,0,62,0
0,0,19,0,0,70,0
0,0,20,0,0,62,0
6,0,19,0,0,70,0
6,0,21,0,0,62,0
6,0,20,0,0,62,0
6,0,20,0,0,62,0
6,0,19,0,0,70,0
0,0,19,0,0,70,0
6,0,19,0,0,70,0
6,0,19,0,0,70,0
6,0,21,0,0,62,0
6,0,20,0,0,62,0
53,0,35,0,0,37,0
6,0,20,0,0,61,0
6,0,21,0,0,62,0
0,0,0,0,0,0,0
6,0,20,0,0,62,0
6,0,19,0,0,70,0
6,0,21,0,0,59,0
6,0,20,0,0,62,0
0,0,19,0,0,70,0
6,0,19,0,0,70,0
6,0,21,0,0,62,0
6,0,20,0,0,62,0
6,0,21,0,0,62,0
0,0,19,0,0,70,0
6,0,19,0,0,70,0
6,0,22,0,0,56,0
6,0,19,0,0,71,0
6,0,20,0,0,62,0
6,0,20,0,0,61,0
6,0,20,0,0,62,0
6,0,19,0,0,71,0
6,0,19,0,0,70,0
6,0,19,0,0,70,0
0,0,0,0,0,0,0
6,0,17,0,0,76,0
6,0,20,0,0,62,0
0,0,19,0,0,70,0
6,0,20,0,0,62,0
6,0,19,0,0,70,0
6,0,20,0,0,61,0
0,0,19,0,0,70,0
6,0,19,0,0,71,0
6,0,19,0,0,70,0
0,0,19,0,0,70,0
6,0,20,0,0,62,0
6,0,20,0,0,61,0
6,0,20,0,0,62,0
0,0,19,0,0,70,0
6,0,20,0,0,62,0
6,0,20,0,0,62,0
6,0,20,0,0,62,0
0,0,0,0,0,0,0
6,0,20,0,0,62,0
0,0,20,0,0,62,0
6,0,20,0,0,62,0
6,0,19,0,0,70,0
0,0,19,0,0,70,0
6,0,19,0,0,71,0
9,0,27,0,1,30,0
6,0,20,0,0,61,0
6,0,20,0,0,62,0
0,0,20,0,0,62,0
6,0,21,0,0,62,0
0,0,19,0,0,70,0
6,0,20,0,0,61,0
6,0,21,0,0,62,0
6,0,21,0,0,62,0
6,0,20,0,0,62,0
6,0,20,0,0,62,0
6,0,19,0,0,70,0
0,0,19,0,0,70,0
6,0,19,0,0,70,0
0,0,20,0,0,62,0
19,0,30,0,0,25,0
6,0,20,0,0,62,0
0,0,0,0,0,0,0
0,0,0,0,0,0,0
6,0,21,0,0,62,0
6,0,21,0,0,62,0
0,0,0,0,0,0,0
0,0,19,0,0,70,0
0,0,0,0,0,0,0
6,0,20,0,0,62,0
6,0,19,0,0,70,0
0,0,19,0,0,70,0
6,0,20,0,0,62,0
6,0,19,0,0,70,0
6,0,19,0,0,71,0
0,0,0,0,0,0,0
14,0,26,0,1,29,0
6,0,19,0,0,70,0
6,0,21,0,0,62,0
56,0,33,0,0,30,0
0,0,19,0,0,70,0
6,0,19,0,0,70,0
6,0,21,0,0,62,0
0,0,19,0,0,70,0
0,0,19,0,0,70,0
6,0,20,0,0,62,0
6,0,19,0,0,71,0
6,0,19,0,0,71,0
6,0,20,0,0,62,0
0,0,19,0,0,70,0
0,0,0,0,0,0,0
0,0,20,0,0,62,0
6,0,18,0,0,71,0
6,0,19,0,0,71,0
6,0,19,0,0,70,0
6,0,20,0,0,62,0
6,0,20,0,0,62,0
6,0,20,0,0,62,0
9,0,29,0,1,30,0
0,0,19,0,0,70,0
0,0,20,0,0,62,0
6,0,19,0,0,70,0
0,0,20,0,0,62,0
6,0,19,0,0,70,0
6,0,20,0,0,62,0
0,0,19,0,0,70,0
6,0,19,0,0,70,0
0,0,0,0,0,0,0
6,0,20,0,0,62,0
6,0,20,0,0,61,0
6,0,19,0,0,70,0
6,0,21,0,0,62,0
0,0,20,0,0,62,0
6,0,21,0,0,62,0
6,0,21,0,0,62,0
6,0,21,0,0,62,0
6,0,20,0,0,62,0
0,0,19,0,0,70,0
6,0,21,0,0,62,0
6,0,19,0,0,70,0
6,0,20,0,0,62,0
0,0,19,0,0,70,0
6,0,20,0,0,62,0
6,0,20,0,0,62,0
0,0,19,0,0,70,0
6,0,20,0,0,62,0
6,0,21,0,0,62,0
0,0,0,0,0,0,0
6,0,20,0,0,62,0
0,0,19,0,0,70,0
6,0,20,0,0,62,0
6,0,21,0,0,62,0
6,0,20,0,0,62,0
6,0,20,0,0,62,0
6,0,20,0,0,62,0
6,0,19,0,0,70,0
6,0,19,0,0,71,0
6,0,21,0,0,62,0
0,0,19,0,0,70,0
6,0,20,0,0,62,0
0,0,19,0,0,70,0
6,0,21,0,0,61,0
6,0,19,0,0,70,0
6,0,20,0,0,62,0
0,0,0,0,0,0,0
6,0,21,0,0,62,0
6,0,20,0,0,62,0
6,0,19,0,0,70,0
6,0,19,0,0,70,0
6,0,20,0,0,62,0
6,0,20,0,0,62,0
6,0,21,0,0,62,0
0,0,0,0,0,0,0
6,0,20,0,0,62,0
6,0,21,0,0,62,0
6,0,19,0,0,70,0
6,0,20,0,0,62,0
6,0,20,0,0,62,0
6,0,19,0,0,70,0
0,0,0,0,0,0,0
6,0,19,0,0,70,0
0,0,20,0,0,62,0
0,0,19,0,0,70,0
6,0,20,0,0,62,0
0,0,0,0,0,0,0
6,0,20,0,0,62,0
0,0,0,0,0,0,0
6,0,20,0,0,62,0
6,0,20,0,0,62,0
0,0,19,0,0,71,0
6,0,20,0,0,62,0
6,0,20,0,0,62,0
6,0,21,0,0,62,0
6,0,21,0,0,62,0
0,0,20,0,0,62,0
6,0,21,0,0,62,0
6,0,20,0,0,61,0
0,0,20,0,0,62,0
0,0,20,0,0,62,0
6,0,19,0,0,70,0
6,0,21,0,0,62,0
0,0,0,0,0,0,0
6,0,21,0,0,62,0
6,0,20,0,0,62,0
6,0,20,0,0,62,0
0,0,0,0,0,0,0
0,0,0,0,0,0,0
0,0,19,0,0,70,0
6,0,21,0,0,62,0
6,0,20,0,0,61,0
6,0,19,0,0,70,0
6,0,19,0,0,70,0
6,0,20,0,0,62,0
6,0,21,0,0,62,0
6,0,21,0,0,62,0
6,0,20,0,0,62,0
6,0,20,0,0,62,0
6,0,19,0,0,71,0
0,0,19,0,0,70,0
0,0,20,0,0,62,0
0,0,0,0,0,0,0
6,0,21,0,0,62,0
6,0,21,0,0,62,0
6,0,18,0,0,71,0
6,0,20,0,0,62,0
6,0,19,0,0,70,0
0,0,0,0,0,0,0
6,0,20,0,0,62,0
6,0,20,0,0,62,0
0,0,21,0,0,62,0
6,0,17,0,0,73,0
6,0,20,0,0,62,0
0,0,19,0,0,70,0
6,0,18,0,0,71,0
0,0,0,0,0,0,0
0,0,20,0,0,62,0
6,0,20,0,0,62,0
0,0,20,0,0,62,0
0,0,19,0,0,70,0
6,0,20,0,0,62,0
6,0,20,0,0,62,0
6,0,20,0,0,62,0
6,0,20,0,0,62,0
6,0,20,0,0,62,0
6,0,20,0,0,62,0
6,0,21,0,0,62,0
0,0,21,0,0,62,0
6,0,20,0,0,62,0
37,0,32,0,0,33,0
6,0,21,0,0,62,0
6,0,21,0,0,62,0
6,0,20,0,0,62,0
6,0,20,0,0,62,0
0,0,19,0,0,70,0
6,0,20,0,0,62,0
57,0,32,0,0,30,0
0,0,0,0,0,0,0
6,0,21,0,0,62,0
0,0,21,0,0,62,0
6,0,20,0,0,62,0
0,0,19,0,0,70,0
6,0,19,0,0,71,0
0,0,20,0,0,62,0
32,0,27,0,1,27,0
6,0,18,0,0,71,0
6,0,20,0,0,62,0
6,0,19,0,0,70,0
6,0,21,0,0,61,0
6,0,20,0,0,62,0
6,0,19,0,0,71,0
17,0,29,0,1,26,0
6,0,20,0,0,62,0
0,0,20,0,0,62,0
6,0,20,0,0,62,0
6,0,19,0,0,70,0
6,0,20,0,0,62,0
0,0,0,0,0,0,0
6,0,19,0,0,71,0
6,0,20,0,0,62,0
0,0,19,0,0,70,0
6,0,19,0,0,70,0
6,0,20,0,0,62,0
6,0,20,0,0,62,0
6,0,20,0,0,62,0
6,0,20,0,0,62,0
15,0,29,0,1,27,0
0,0,21,0,0,32,0
6,0,20,0,0,62,0
6,0,21,0,0,62,0
0,0,20,0,0,62,0
0,0,20,0,0,62,0
0,0,28,0,3,29,0
6,0,19,0,0,71,0
0,0,19,0,0,70,0
6,0,19,0,0,70,0
6,0,20,0,0,62,0
6,0,20,0,0,62,0
4,0,29,0,1,35,0
6,0,20,0,0,62,0
6,0,20,0,0,62,0
6,0,20,0,0,61,0
6,0,20,0,0,62,0
0,0,19,0,0,70,0
6,0,19,0,0,71,0
6,0,20,0,0,62,0
6,0,21,0,0,62,0
0,0,19,0,0,70,0
6,0,20,0,0,62,0
6,0,20,0,0,61,0
6,0,20,0,0,62,0
0,0,0,0,0,0,0
0,0,0,0,0,0,0
0,0,20,0,0,61,0
0,0,20,0,0,62,0
6,0,21,0,0,62,0
6,0,19,0,0,70,0
6,0,19,0,0,71,0
6,0,19,0,0,70,0
6,0,21,0,0,62,0
0,0,20,0,0,62,0
6,0,21,0,0,62,0
6,0,19,0,0,70,0
6,0,21,0,0,62,0
6,0,20,0,0,61,0
6,0,20,0,0,62,0
0,0,19,0,0,70,0
0,0,0,0,0,0,0
6,0,20,0,0,62,0
6,0,20,0,0,62,0
6,0,20,0,0,62,0
6,0,19,0,0,70,0
6,0,21,0,0,62,0
6,0,20,0,0,62,0
6,0,20,0,0,62,0
0,0,20,0,0,62,0
6,0,19,0,0,70,0
0,0,19,0,0,70,0
6,0,20,0,0,62,0
6,0,21,0,0,62,0
6,0,21,0,0,62,0
6,0,20,0,0,62,0
0,0,19,0,0,70,0
6,0,20,0,0,61,0
6,0,19,0,0,71,0
13,0,25,0,0,30,0
6,0,21,0,0,62,0
0,0,0,0,0,0,0
6,0,20,0,0,62,0
0,0,0,0,0,0,0
6,0,19,0,0,70,0
0,0,20,0,0,62,0
6,0,21,0,0,62,0
0,0,19,0,0,70,0
6,0,20,0,0,62,0
6,0,20,0,0,62,0
6,0,19,0,0,70,0
6,0,20,0,0,62,0
0,0,0,0,0,0,0
6,0,20,0,0,62,0
6,0,19,0,0,70,0
6,0,20,0,0,62,0
6,0,20,0,0,61,0
0,0,18,0,0,70,0
6,0,20,0,0,62,0
6,0,20,0,0,62,0
6,0,19,0,0,70,0
0,0,19,0,0,70,0
6,0,19,0,0,70,0
0,0,19,0,0,70,0
6,0,19,0,0,70,0
6,0,19,0,0,71,0
0,0,20,0,0,62,0
51,0,35,0,0,39,0
6,0,21,0,0,62,0
6,0,20,0,0,62,0
0,0,19,0,0,70,0
6,0,20,0,0,62,0
6,0,20,0,0,61,0
0,0,20,0,0,62,0
0,0,19,0,0,70,0
6,0,19,0,0,70,0
0,0,19,0,0,70,0
6,0,19,0,0,70,0
0,0,21,0,0,62,0
0,0,20,0,0,62,0
6,0,18,0,0,71,0
0,0,20,0,0,62,0
0,0,0,0,0,0,0
0,0,20,0,0,62,0
6,0,20,0,0,62,0
6,0,20,0,0,62,0
6,0,20,0,0,62,0
6,0,20,0,0,62,0
0,0,19,0,0,70,0
11,0,30,0,1,26,0
0,0,21,0,0,62,0
0,0,0,0,0,0,0
6,0,20,0,0,61,0
6,0,19,0,0,71,0
0,0,19,0,0,70,0
0,0,20,0,0,62,0
6,0,20,0,0,62,0
6,0,20,0,0,62,0
34,0,28,0,0,29,0
6,0,18,0,0,71,0
0,0,34,0,0,41,0
10,0,29,0,1,30,0
6,0,20,0,0,62,0
0,0,19,0,0,70,0
0,0,20,0,0,62,0
0,0,19,0,0,70,0
6,0,20,0,0,62,0
0,0,19,0,0,70,0
6,0,19,0,0,71,0
6,0,20,0,0,62,0
6,0,20,0,0,62,0
0,0,19,0,0,70,0
0,0,20,0,0,62,0
0,0,20,0,0,62,0
6,0,21,0,0,62,0
6,0,20,0,0,62,0
6,0,19,0,0,70,0
6,0,20,0,0,61,0
6,0,19,0,0,70,0
6,0,20,0,0,62,0
0,0,0,0,0,0,0
6,0,19,0,0,70,0
0,0,0,0,0,0,0
6,0,20,0,0,62,0
6,0,19,0,0,71,0
11,0,28,0,1,30,0
6,0,21,0,0,62,0
6,0,20,0,0,62,0
6,0,20,0,0,61,0
0,0,21,0,0,62,0
0,0,19,0,0,70,0
15,0,31,0,1,21,0
0,0,20,0,0,62,0
6,0,21,0,0,62,0
6,0,20,0,0,62,0
6,0,20,0,0,62,0
0,0,20,0,0,62,0
0,0,19,0,0,70,0
6,0,20,0,0,62,0
0,0,19,0,0,70,0
23,0,29,0,1,29,0
0,0,0,0,0,0,0
6,0,20,0,0,62,0
0,0,19,0,0,70,0
0,0,20,0,0,62,0
0,0,20,0,0,62,0
0,0,0,0,0,0,0
6,0,18,0,0,71,0
6,0,20,0,0,62,0
0,0,20,0,0,62,0
6,0,20,0,0,62,0
6,0,19,0,0,70,0
6,0,20,0,0,62,0
0,0,0,0,0,0,0
0,0,19,0,0,70,0
6,0,20,0,0,62,0
0,0,20,0,0,62,0
6,0,20,0,0,61,0
6,0,20,0,0,62,0
6,0,20,0,0,62,0
497,0,26,0,0,30,0
0,0,19,0,0,70,0
6,0,20,0,0,62,0
0,0,0,0,0,0,0
6,0,21,0,0,62,0
6,0,20,0,0,62,0
0,0,20,0,0,62,0
6,0,21,0,0,61,0
6,0,20,0,0,62,0
6,0,20,0,0,62,0
0,0,19,0,0,70,0
0,0,0,0,0,0,0
6,0,20,0,0,62,0
6,0,21,0,0,62,0
6,0,20,0,0,62,0
6,0,19,0,0,71,0
6,0,20,0,0,62,0
6,0,20,0,0,62,0
6,0,19,0,0,70,0
0,0,20,0,0,62,0
6,0,19,0,0,70,0
6,0,19,0,0,70,0
6,0,20,0,0,62,0
6,0,21,0,0,62,0
6,0,21,0,0,62,0
0,0,20,0,0,62,0
0,0,0,0,0,0,0
6,0,20,0,0,62,0
6,0,19,0,0,70,0
6,0,21,0,0,62,0
6,0,21,0,0,62,0
6,0,19,0,0,70,0
6,0,19,0,0,70,0
6,0,20,0,0,62,0
6,0,20,0,0,62,0
6,0,21,0,0,62,0
0,0,19,0,0,70,0
0,0,21,0,0,62,0
0,0,0,0,0,0,0
6,0,19,0,0,70,0
6,0,20,0,0,62,0
6,0,18,0,0,71,0
6,0,21,0,0,62,0
6,0,20,0,0,62,0
0,0,0,0,0,0,0
0,0,20,0,0,62,0
6,0,20,0,0,62,0
6,0,20,0,0,62,0
6,0,19,0,0,70,0
0,0,19,0,0,70,0
6,0,20,0,0,62,0
0,0,20,0,0,62,0
0,0,19,0,0,70,0
6,0,20,0,0,62,0
0,0,19,0,0,70,0
6,0,20,0,0,62,0
41,0,33,0,1,34,0
0,0,0,0,0,0,0
6,0,19,0,0,71,0
6,0,19,0,0,71,0
0,0,0,0,0,0,0
0,0,20,0,0,62,0
6,0,21,0,0,62,0
6,0,21,0,0,62,0
0,0,20,0,0,62,0
0,0,20,0,0,61,0
6,0,18,0,0,71,0
0,0,20,0,0,62,0
6,0,20,0,0,61,0
6,0,19,0,0,70,0
0,0,20,0,0,61,0
6,0,21,0,0,62,0
4,0,30,0,2,26,0
6,0,20,0,0,62,0
6,0,19,0,0,70,0
6,0,19,0,0,71,0
6,0,19,0,0,70,0
6,0,21,0,0,62,0
6,0,19,0,0,70,0
6,0,20,0,0,62,0
6,0,18,0,0,71,0
6,0,20,0,0,62,0
6,0,20,0,0,62,0
6,0,21,0,0,62,0
6,0,20,0,0,62,0
0,0,20,0,0,62,0
